Date_Time,PM10_ugm3,PM25_ugm3,VOC_ppb,Wind_Dir,Wind_Speed_kmH,Temperature_º,Humidity_%,Rain_mmh,Hour,Day_of_Week,Time_Segment,Truck_Presence,Easter_Holiday
2026-03-21 14:00:00,28.5,27.4,42.9,S,0.666,19.5,59.9,0.106,14,Saturday,Working Hours (7-18),True,0
2026-03-21 15:00:00,28.5,27.4,64.1,S,0.666,19.5,59.9,0.106,15,Saturday,Working Hours (7-18),True,0
2026-03-21 16:00:00,28.5,27.4,58.7,SW,0.55,18.85,59.75,0.106,16,Saturday,Working Hours (7-18),True,0
2026-03-21 17:00:00,31.433333333333334,29.333333333333332,96.4,S,0.434,18.2,59.6,0.07730000000000001,17,Saturday,Working Hours (7-18),True,0
2026-03-21 18:00:00,34.36666666666667,31.26666666666667,166.0,S,0.633,16.5,66.7,0.048600000000000004,18,Saturday,Working Hours (7-18),True,0
2026-03-21 19:00:00,37.3,33.2,335.0,SE,0.832,14.8,73.8,0.0199,19,Saturday,Evening (19-23),True,0
2026-03-21 20:00:00,40.9,35.6,4433.0,S,0.8009999999999999,13.9,77.9,0.013266666666666666,20,Saturday,Evening (19-23),True,0
2026-03-21 21:00:00,44.5,38.0,5447.0,S,0.77,13.0,82.0,0.006633333333333333,21,Saturday,Evening (19-23),True,0
2026-03-21 22:00:00,48.1,40.4,4531.0,S,0.735,12.2,84.3,0.0,22,Saturday,Evening (19-23),True,0
2026-03-21 23:00:00,48.6,40.733333333333334,5160.0,S,0.7,11.4,86.6,0.0,23,Saturday,Evening (19-23),True,0
2026-03-22 00:00:00,49.1,41.06666666666666,5594.0,SE,0.8185,11.4,86.65,0.0,0,Sunday,Night (0-6),True,0
2026-03-22 01:00:00,49.6,41.4,4878.0,SE,0.937,11.4,86.7,0.0,1,Sunday,Night (0-6),True,0
2026-03-22 02:00:00,50.1,41.766666666666666,3577.0,SE,1.0434999999999999,11.2,86.7,0.00202,2,Sunday,Night (0-6),True,0
2026-03-22 03:00:00,50.6,42.13333333333333,3500.0,SE,1.15,11.0,86.7,0.00404,3,Sunday,Night (0-6),True,0
2026-03-22 04:00:00,51.1,42.5,2778.0,S,1.1949999999999998,10.65,86.1,0.00606,4,Sunday,Night (0-6),True,0
2026-03-22 05:00:00,53.266666666666666,44.06666666666667,1901.0,SE,1.24,10.3,85.5,0.012040000000000002,5,Sunday,Night (0-6),True,0
2026-03-22 06:00:00,55.43333333333334,45.63333333333333,2793.0,SE,1.23,10.4,84.35,0.01802,6,Sunday,Night (0-6),True,0
2026-03-22 07:00:00,57.6,47.2,2965.0,SE,1.22,10.5,83.2,0.024,7,Sunday,Working Hours (7-18),True,0
2026-03-22 08:00:00,48.56666666666667,41.0,3538.0,S,1.26,12.35,77.5,0.039999999999999994,8,Sunday,Working Hours (7-18),True,0
2026-03-22 09:00:00,39.53333333333333,34.8,2853.0,SE,1.3,14.2,71.8,0.055999999999999994,9,Sunday,Working Hours (7-18),True,0
2026-03-22 10:00:00,30.5,28.6,664.0,SE,1.3250000000000002,15.75,65.8,0.072,10,Sunday,Working Hours (7-18),True,0
2026-03-22 11:00:00,29.266666666666666,27.233333333333334,460.0,SE,1.35,17.3,59.8,0.06129999999999999,11,Sunday,Working Hours (7-18),True,0
2026-03-22 12:00:00,28.033333333333335,25.866666666666667,423.0,S,1.6,17.6,58.25,0.0506,12,Sunday,Working Hours (7-18),True,0
2026-03-22 13:00:00,26.8,24.5,194.0,S,1.85,17.9,56.7,0.0399,13,Sunday,Working Hours (7-18),True,0
2026-03-22 14:00:00,36.53333333333333,31.56666666666667,88.2,S,1.86,17.549999999999997,59.45,0.04906666666666666,14,Sunday,Working Hours (7-18),True,0
2026-03-22 15:00:00,46.266666666666666,38.63333333333334,84.9,S,1.87,17.2,62.2,0.05823333333333333,15,Sunday,Working Hours (7-18),True,0
2026-03-22 16:00:00,56.0,45.7,324.0,S,1.6800000000000002,16.6,65.45,0.0674,16,Sunday,Working Hours (7-18),True,0
2026-03-22 17:00:00,58.46666666666667,47.66666666666667,1677.0,S,1.49,16.0,68.7,0.27193333333333336,17,Sunday,Working Hours (7-18),True,0
2026-03-22 18:00:00,60.93333333333333,49.63333333333333,2965.0,S,1.295,15.2,73.30000000000001,0.4764666666666667,18,Sunday,Working Hours (7-18),True,0
2026-03-22 19:00:00,63.4,51.6,5155.0,S,1.1,14.4,77.9,0.681,19,Sunday,Evening (19-23),True,0
2026-03-22 20:00:00,55.6,46.03333333333333,5861.0,S,1.06,13.95,78.80000000000001,0.454,20,Sunday,Evening (19-23),True,0
2026-03-22 21:00:00,47.8,40.46666666666667,10278.0,S,1.02,13.5,79.7,0.22699999999999998,21,Sunday,Evening (19-23),True,0
2026-03-22 22:00:00,40.0,34.9,7193.0,S,0.9685,13.25,77.95,0.0,22,Sunday,Evening (19-23),True,0
2026-03-22 23:00:00,39.1,34.333333333333336,4687.0,S,0.917,13.0,76.2,0.0,23,Sunday,Evening (19-23),True,0
2026-03-23 00:00:00,38.199999999999996,33.766666666666666,3891.0,S,0.887,12.7,73.75,0.0,0,Monday,Night (0-6),True,0
2026-03-23 01:00:00,37.3,33.2,4466.0,S,0.857,12.4,71.3,0.0,1,Monday,Night (0-6),True,0
2026-03-23 02:00:00,39.6,34.733333333333334,4464.0,S,0.8445,11.7,72.75,0.002863333333333333,2,Monday,Night (0-6),True,0
2026-03-23 03:00:00,41.9,36.266666666666666,4872.0,SE,0.832,11.0,74.2,0.005726666666666666,3,Monday,Night (0-6),True,0
2026-03-23 04:00:00,44.2,37.8,4785.0,SE,0.868,10.7,75.55000000000001,0.00859,4,Monday,Night (0-6),True,0
2026-03-23 05:00:00,46.233333333333334,39.233333333333334,8132.0,S,0.904,10.4,76.9,2.9157266666666666,5,Monday,Night (0-6),True,0
2026-03-23 06:00:00,48.266666666666666,40.666666666666664,9825.0,S,0.915,10.600000000000001,76.80000000000001,5.822863333333333,6,Monday,Night (0-6),True,0
2026-03-23 07:00:00,50.3,42.1,13575.0,S,0.926,10.8,76.7,8.73,7,Monday,Working Hours (7-18),True,0
2026-03-23 08:00:00,48.53333333333333,40.766666666666666,15538.0,SE,0.929,11.95,73.05000000000001,10.52,8,Monday,Working Hours (7-18),True,0
2026-03-23 09:00:00,46.766666666666666,39.43333333333334,12509.0,S,0.932,13.1,69.4,12.31,9,Monday,Working Hours (7-18),True,0
2026-03-23 10:00:00,45.0,38.1,9464.0,SE,1.041,13.85,67.0,14.1,10,Monday,Working Hours (7-18),True,0
2026-03-23 11:00:00,45.666666666666664,38.56666666666667,9057.0,S,1.15,14.6,64.6,13.833333333333334,11,Monday,Working Hours (7-18),True,0
2026-03-23 12:00:00,46.333333333333336,39.03333333333333,6602.0,S,1.0715,15.95,60.05,13.566666666666666,12,Monday,Working Hours (7-18),True,0
2026-03-23 13:00:00,47.0,39.5,5126.0,S,0.993,17.3,55.5,13.3,13,Monday,Working Hours (7-18),True,0
2026-03-23 14:00:00,47.46666666666667,39.8,7581.0,SW,0.8845000000000001,17.6,57.0,13.933333333333334,14,Monday,Working Hours (7-18),True,0
2026-03-23 15:00:00,47.93333333333333,40.1,11622.0,SW,0.776,17.9,58.5,14.566666666666666,15,Monday,Working Hours (7-18),True,0
2026-03-23 16:00:00,48.4,40.4,15237.0,SW,0.7505,17.1,62.85,15.2,16,Monday,Working Hours (7-18),True,0
2026-03-23 17:00:00,50.96666666666667,42.233333333333334,9937.0,S,0.725,16.3,67.2,13.183333333333334,17,Monday,Working Hours (7-18),True,0
2026-03-23 18:00:00,53.53333333333333,44.06666666666666,4356.0,SW,0.788,15.100000000000001,72.45,11.166666666666666,18,Monday,Working Hours (7-18),True,0
2026-03-23 19:00:00,56.1,45.9,6359.0,SW,0.851,13.9,77.7,9.15,19,Monday,Evening (19-23),True,0
2026-03-23 20:00:00,55.86666666666667,45.86666666666667,13872.0,W,0.728,12.95,80.05000000000001,6.1020199999999996,20,Monday,Evening (19-23),True,0
2026-03-23 21:00:00,55.63333333333333,45.83333333333333,14149.0,SW,0.605,12.0,82.4,3.0540399999999996,21,Monday,Evening (19-23),True,0
2026-03-23 22:00:00,55.4,45.8,16493.0,S,0.4235,11.15,83.55000000000001,0.00606,22,Monday,Evening (19-23),True,0
2026-03-23 23:00:00,55.13333333333333,45.6,14981.0,S,0.242,10.3,84.7,0.00404,23,Monday,Evening (19-23),True,0
2026-03-24 00:00:00,54.86666666666667,45.4,13741.0,S,0.2855,9.495000000000001,85.35,0.00202,0,Tuesday,Night (0-6),True,0
2026-03-24 01:00:00,54.6,45.2,14060.0,SW,0.329,8.69,86.0,0.0,1,Tuesday,Night (0-6),True,0
2026-03-24 02:00:00,54.53333333333333,45.2,7023.0,SW,0.387,8.285,85.5,0.006566666666666667,2,Tuesday,Night (0-6),True,0
2026-03-24 03:00:00,54.46666666666667,45.2,2319.0,S,0.445,7.88,85.0,0.013133333333333334,3,Tuesday,Night (0-6),True,0
2026-03-24 04:00:00,54.4,45.2,2081.0,S,0.376,7.285,85.55,0.0197,4,Tuesday,Night (0-6),True,0
2026-03-24 05:00:00,55.63333333333333,46.06666666666667,3071.0,SW,0.307,6.69,86.1,4.779800000000001,5,Tuesday,Night (0-6),True,0
2026-03-24 06:00:00,56.86666666666667,46.93333333333333,3203.0,S,0.3395,7.6899999999999995,81.85,9.539900000000001,6,Tuesday,Night (0-6),True,0
2026-03-24 07:00:00,58.1,47.8,3217.0,S,0.372,8.69,77.6,14.3,7,Tuesday,Working Hours (7-18),True,0
2026-03-24 08:00:00,56.733333333333334,46.8,3353.0,SW,0.41100000000000003,11.594999999999999,68.35,14.966666666666667,8,Tuesday,Working Hours (7-18),True,0
2026-03-24 09:00:00,55.36666666666667,45.8,3241.0,S,0.45,14.5,59.1,15.633333333333335,9,Tuesday,Working Hours (7-18),True,0
2026-03-24 10:00:00,54.0,44.8,3030.0,S,0.665,16.05,57.8,16.3,10,Tuesday,Working Hours (7-18),True,0
2026-03-24 11:00:00,50.333333333333336,42.13333333333333,3162.0,SW,0.88,17.6,56.5,14.566666666666666,11,Tuesday,Working Hours (7-18),True,0
2026-03-24 12:00:00,46.666666666666664,39.46666666666666,2226.0,S,1.09,17.55,62.1,12.833333333333334,12,Tuesday,Working Hours (7-18),True,0
2026-03-24 13:00:00,43.0,36.8,43.9,S,1.3,17.5,67.7,11.1,13,Tuesday,Working Hours (7-18),True,0
2026-03-24 14:00:00,41.766666666666666,36.03333333333333,692.0,S,1.27,17.6,68.05000000000001,8.85,14,Tuesday,Working Hours (7-18),True,0
2026-03-24 15:00:00,40.53333333333333,35.266666666666666,3811.0,S,1.24,17.7,68.4,6.6,15,Tuesday,Working Hours (7-18),True,0
2026-03-24 16:00:00,39.3,34.5,1042.0,SE,0.9835,17.299999999999997,70.2,4.35,16,Tuesday,Working Hours (7-18),True,0
2026-03-24 17:00:00,41.766666666666666,36.233333333333334,315.0,S,0.727,16.9,72.0,2.9149666666666665,17,Tuesday,Working Hours (7-18),True,0
2026-03-24 18:00:00,44.233333333333334,37.96666666666667,125.0,S,0.5615,16.0,73.2,1.4799333333333333,18,Tuesday,Working Hours (7-18),True,0
2026-03-24 19:00:00,46.7,39.7,307.0,S,0.396,15.1,74.4,0.0449,19,Tuesday,Evening (19-23),True,0
2026-03-24 20:00:00,49.233333333333334,41.46666666666667,2631.0,S,0.5435,14.0,77.25,0.03086,20,Tuesday,Evening (19-23),True,0
2026-03-24 21:00:00,51.766666666666666,43.233333333333334,4117.0,S,0.691,12.9,80.1,0.016819999999999998,21,Tuesday,Evening (19-23),True,0
2026-03-24 22:00:00,54.3,45.0,4215.0,S,0.6515,12.100000000000001,81.85,0.00278,22,Tuesday,Evening (19-23),True,0
2026-03-24 23:00:00,54.9,45.4,4006.0,S,0.612,11.3,83.6,0.0018533333333333331,23,Tuesday,Evening (19-23),True,0
2026-03-25 00:00:00,55.5,45.800000000000004,3629.0,S,0.8660000000000001,11.2,83.9,0.0009266666666666666,0,Wednesday,Night (0-6),True,0
2026-03-25 01:00:00,56.1,46.2,3264.0,S,1.12,11.1,84.2,0.0,1,Wednesday,Night (0-6),True,0
2026-03-25 02:00:00,52.1,43.4,3112.0,SE,1.28,11.45,82.5,0.004633333333333333,2,Wednesday,Night (0-6),True,0
2026-03-25 03:00:00,48.1,40.6,1882.0,SE,1.44,11.8,80.8,0.009266666666666666,3,Wednesday,Night (0-6),True,0
2026-03-25 04:00:00,44.1,37.8,903.0,SE,1.5899999999999999,12.5,78.9,0.0139,4,Wednesday,Night (0-6),True,0
2026-03-25 05:00:00,41.96666666666667,36.36666666666667,779.0,SE,1.74,13.2,77.0,1.7392666666666667,5,Wednesday,Night (0-6),True,0
2026-03-25 06:00:00,39.833333333333336,34.93333333333333,846.0,S,1.655,13.45,75.75,3.4646333333333335,6,Wednesday,Night (0-6),True,0
2026-03-25 07:00:00,37.7,33.5,2211.0,S,1.57,13.7,74.5,5.19,7,Wednesday,Working Hours (7-18),True,0
2026-03-25 08:00:00,36.49916666666667,32.452083333333334,2762.0,SE,1.526375,13.5625,74.65833333333333,5.015833333333334,8,Wednesday,Working Hours (7-18),True,0
2026-03-25 09:00:00,35.29833333333334,31.40416666666667,,,1.48275,13.425,74.81666666666666,4.841666666666667,9,Wednesday,Working Hours (7-18),True,0
2026-03-25 10:00:00,34.097500000000004,30.356250000000003,,,1.439125,13.287500000000001,74.975,4.6675,10,Wednesday,Working Hours (7-18),True,0
2026-03-25 11:00:00,32.896666666666675,29.308333333333337,,,1.3955,13.15,75.13333333333333,4.493333333333333,11,Wednesday,Working Hours (7-18),True,0
2026-03-26 05:00:00,11.28166666666667,10.445833333333336,,,0.6102499999999998,10.675,77.98333333333333,1.3583333333333334,5,Thursday,Night (0-6),True,0
2026-03-26 06:00:00,10.080833333333334,9.39791666666667,,,0.5666249999999998,10.537500000000001,78.14166666666667,1.1841666666666666,6,Thursday,Night (0-6),True,0
2026-03-26 07:00:00,8.88,8.35,,,0.523,10.4,78.3,1.01,7,Thursday,Working Hours (7-18),True,0
2026-03-26 08:00:00,9.753333333333334,9.1,5952.0,S,0.706,11.15,72.6,1.4533333333333331,8,Thursday,Working Hours (7-18),True,0
2026-03-26 09:00:00,10.626666666666667,9.85,2439.0,S,0.889,11.9,66.9,1.8966666666666665,9,Thursday,Working Hours (7-18),True,0
2026-03-26 10:00:00,11.5,10.6,1195.0,S,0.8955,12.55,64.6,2.34,10,Thursday,Working Hours (7-18),True,0
2026-03-26 11:00:00,10.076666666666666,9.296666666666667,2788.0,SW,0.902,13.2,62.3,1.8073333333333332,11,Thursday,Working Hours (7-18),True,0
2026-03-26 12:00:00,8.653333333333334,7.993333333333334,2569.0,S,1.031,13.1,61.45,1.2746666666666666,12,Thursday,Working Hours (7-18),True,0
2026-03-26 13:00:00,7.23,6.69,1336.0,S,1.16,13.0,60.6,0.742,13,Thursday,Working Hours (7-18),True,0
2026-03-26 14:00:00,7.260000000000001,6.766666666666667,1611.0,SE,1.135,12.85,59.900000000000006,0.5703333333333334,14,Thursday,Working Hours (7-18),True,0
2026-03-26 15:00:00,7.29,6.843333333333334,1850.0,SE,1.11,12.7,59.2,0.39866666666666667,15,Thursday,Working Hours (7-18),True,0
2026-03-26 16:00:00,7.32,6.92,1043.0,SE,0.9535,12.25,62.75,0.227,16,Thursday,Working Hours (7-18),True,0
2026-03-26 17:00:00,6.86,6.43,1196.0,S,0.797,11.8,66.3,0.17070000000000002,17,Thursday,Working Hours (7-18),True,0
2026-03-26 18:00:00,6.4,5.94,1015.0,S,0.616,11.4,67.75,0.1144,18,Thursday,Working Hours (7-18),True,0
2026-03-26 19:00:00,5.94,5.45,3627.0,S,0.435,11.0,69.2,0.0581,19,Thursday,Evening (19-23),True,0
2026-03-26 20:00:00,5.8100000000000005,5.323333333333333,2046.0,S,0.57,10.65,72.15,0.06383333333333334,20,Thursday,Evening (19-23),True,0
2026-03-26 21:00:00,5.68,5.196666666666667,3569.0,S,0.705,10.3,75.1,0.06956666666666667,21,Thursday,Evening (19-23),True,0
2026-03-26 22:00:00,5.55,5.07,1636.0,SE,0.816,10.015,76.95,0.0753,22,Thursday,Evening (19-23),True,0
2026-03-26 23:00:00,4.25,3.826666666666667,2968.0,SE,0.927,9.73,78.8,0.2272,23,Thursday,Evening (19-23),True,0
2026-03-27 00:00:00,2.9499999999999997,2.5833333333333335,1398.0,SE,0.8995,9.445,81.6,0.3791,0,Friday,Night (0-6),True,0
2026-03-27 01:00:00,1.65,1.34,1040.0,SE,0.872,9.16,84.4,0.531,1,Friday,Night (0-6),True,0
2026-03-27 02:00:00,2.0633333333333335,1.7033333333333334,804.0,S,0.8825000000000001,9.02,84.45,0.3732666666666667,2,Friday,Night (0-6),True,0
2026-03-27 03:00:00,2.4766666666666666,2.066666666666667,700.0,SE,0.893,8.88,84.5,0.21553333333333335,3,Friday,Night (0-6),True,0
2026-03-27 04:00:00,2.89,2.43,1803.0,S,0.9390000000000001,8.735,85.65,0.0578,4,Friday,Night (0-6),True,0
2026-03-27 05:00:00,3.4800000000000004,2.963333333333334,3343.0,S,0.985,8.59,86.8,0.33820000000000006,5,Friday,Night (0-6),True,0
2026-03-27 06:00:00,4.07,3.496666666666667,1931.0,SE,0.893,8.865,85.69999999999999,0.6186,6,Friday,Night (0-6),True,0
2026-03-27 07:00:00,4.66,4.03,2472.0,SE,0.801,9.14,84.6,0.899,7,Friday,Working Hours (7-18),True,0
2026-03-27 08:00:00,5.3100000000000005,4.503333333333334,3119.0,SW,0.823,10.370000000000001,80.25,0.789,8,Friday,Working Hours (7-18),True,0
2026-03-27 09:00:00,5.96,4.976666666666667,2531.0,S,0.845,11.6,75.9,0.6789999999999999,9,Friday,Working Hours (7-18),True,0
2026-03-27 10:00:00,6.61,5.45,2566.0,S,0.7865,12.1,71.95,0.569,10,Friday,Working Hours (7-18),True,0
2026-03-27 11:00:00,6.66,5.53,2283.0,S,0.728,12.6,68.0,0.42866666666666664,11,Friday,Working Hours (7-18),True,0
2026-03-27 12:00:00,6.71,5.61,1216.0,S,0.854,12.399999999999999,70.1,0.28833333333333333,12,Friday,Working Hours (7-18),True,0
2026-03-27 13:00:00,6.76,5.69,1309.0,S,0.98,12.2,72.2,0.148,13,Friday,Working Hours (7-18),True,0
2026-03-27 14:00:00,6.666666666666667,5.663333333333334,1264.0,S,0.7825,12.6,69.30000000000001,0.37266666666666665,14,Friday,Working Hours (7-18),True,0
2026-03-27 15:00:00,6.573333333333333,5.636666666666667,887.0,S,0.585,13.0,66.4,0.5973333333333333,15,Friday,Working Hours (7-18),True,0
2026-03-27 16:00:00,6.48,5.61,1088.0,S,0.6950000000000001,13.0,65.25,0.822,16,Friday,Working Hours (7-18),True,0
2026-03-27 17:00:00,11.253333333333334,9.806666666666668,603.0,SW,0.805,13.0,64.1,0.5674333333333333,17,Friday,Working Hours (7-18),True,0
2026-03-27 18:00:00,16.026666666666667,14.003333333333334,561.0,SW,0.7115,12.3,67.1,0.31286666666666674,18,Friday,Working Hours (7-18),True,0
2026-03-27 19:00:00,20.8,18.2,754.0,SW,0.618,11.6,70.1,0.0583,19,Friday,Evening (19-23),True,0
2026-03-27 20:00:00,20.366666666666667,18.266666666666666,2732.0,W,0.5395,10.385,74.8,0.04593333333333333,20,Friday,Evening (19-23),True,0
2026-03-27 21:00:00,19.933333333333334,18.333333333333332,3218.0,SW,0.461,9.17,79.5,0.03356666666666667,21,Friday,Evening (19-23),True,0
2026-03-27 22:00:00,19.5,18.4,2976.0,S,0.5005000000000001,8.51,81.3,0.0212,22,Friday,Evening (19-23),True,0
2026-03-27 23:00:00,18.4,17.366666666666667,2338.0,S,0.54,7.85,83.1,0.015143333333333335,23,Friday,Evening (19-23),True,0
2026-03-28 00:00:00,17.3,16.333333333333332,2533.0,S,0.634,7.96,83.25,0.009086666666666668,0,Saturday,Night (0-6),True,0
2026-03-28 01:00:00,16.2,15.3,2243.0,S,0.728,8.07,83.4,0.00303,1,Saturday,Night (0-6),True,0
2026-03-28 02:00:00,15.033333333333333,14.233333333333334,2364.0,S,0.7324999999999999,8.375,83.05000000000001,0.00202,2,Saturday,Night (0-6),True,0
2026-03-28 03:00:00,13.866666666666665,13.166666666666666,2295.0,SE,0.737,8.68,82.7,0.00101,3,Saturday,Night (0-6),True,0
2026-03-28 04:00:00,12.7,12.1,1991.0,S,0.6255,8.83,83.55000000000001,0.0,4,Saturday,Night (0-6),True,0
2026-03-28 05:00:00,12.2,11.6,2590.0,S,0.514,8.98,84.4,0.14933333333333335,5,Saturday,Night (0-6),True,0
2026-03-28 06:00:00,11.7,11.1,2514.0,SE,0.739,9.030000000000001,86.55000000000001,0.2986666666666667,6,Saturday,Night (0-6),True,0
2026-03-28 07:00:00,11.2,10.6,1433.0,SE,0.964,9.08,88.7,0.448,7,Saturday,Working Hours (7-18),True,0
2026-03-28 08:00:00,9.433333333333334,8.9,197.0,S,0.844,9.79,88.6,1.2653333333333332,8,Saturday,Working Hours (7-18),True,0
2026-03-28 09:00:00,7.666666666666666,7.2,342.0,S,0.724,10.5,88.5,2.0826666666666664,9,Saturday,Working Hours (7-18),True,0
2026-03-28 10:00:00,5.9,5.5,473.0,S,1.6070000000000002,11.35,87.0,2.9,10,Saturday,Working Hours (7-18),True,0
2026-03-28 11:00:00,6.326666666666667,5.65,98.2,S,2.49,12.2,85.5,2.88,11,Saturday,Working Hours (7-18),True,0
2026-03-28 12:00:00,6.753333333333333,5.8,79.3,S,1.86,12.149999999999999,87.35000000000001,2.86,12,Saturday,Working Hours (7-18),True,0
2026-03-28 13:00:00,7.18,5.95,130.0,S,1.23,12.1,89.2,2.84,13,Saturday,Working Hours (7-18),True,0
2026-03-28 14:00:00,6.273333333333333,5.013333333333334,87.5,SE,1.18,12.25,84.0,2.0203333333333333,14,Saturday,Working Hours (7-18),True,0
2026-03-28 15:00:00,5.366666666666667,4.076666666666667,48.7,S,1.13,12.4,78.8,1.2006666666666668,15,Saturday,Working Hours (7-18),True,0
2026-03-28 16:00:00,4.46,3.14,37.6,S,1.0614999999999999,12.350000000000001,72.19999999999999,0.381,16,Saturday,Working Hours (7-18),True,0
2026-03-28 17:00:00,5.54,4.29,52.0,S,0.993,12.3,65.6,0.32533333333333336,17,Saturday,Working Hours (7-18),True,0
2026-03-28 18:00:00,6.62,5.4399999999999995,94.5,S,0.886,11.85,62.599999999999994,0.26966666666666667,18,Saturday,Working Hours (7-18),True,0
2026-03-28 19:00:00,7.7,6.59,134.0,S,0.779,11.4,59.6,0.214,19,Saturday,Evening (19-23),True,0
2026-03-28 20:00:00,6.166666666666667,5.306666666666667,1169.0,SE,0.871,10.9,63.400000000000006,0.44866666666666666,20,Saturday,Evening (19-23),True,0
2026-03-28 21:00:00,4.633333333333334,4.023333333333333,2343.0,SE,0.963,10.4,67.2,0.6833333333333333,21,Saturday,Evening (19-23),True,0
2026-03-28 22:00:00,3.1,2.74,1900.0,S,0.745,9.754999999999999,73.5,0.918,22,Saturday,Evening (19-23),True,0
2026-03-28 23:00:00,4.1033333333333335,3.64,769.0,S,0.527,9.11,79.8,0.6120000000000001,23,Saturday,Evening (19-23),True,0
2026-03-29 00:00:00,5.106666666666667,4.54,832.0,SE,0.756,9.274999999999999,78.05,0.30600000000000005,0,Sunday,Night (0-6),True,0
2026-03-29 01:00:00,6.11,5.44,1214.0,S,0.985,9.44,76.3,0.0,1,Sunday,Night (0-6),True,0
2026-03-29 03:00:00,10.205000000000002,9.32,398.0,SE,1.115,10.213333333333333,71.1,0.0,3,Sunday,Night (0-6),True,0
2026-03-29 04:00:00,12.252500000000001,11.26,168.0,SE,1.18,10.6,68.5,0.0,4,Sunday,Night (0-6),True,0
2026-03-29 05:00:00,14.3,13.2,288.0,SE,1.345,10.6,65.0,0.0,5,Sunday,Night (0-6),True,0
2026-03-29 06:00:00,11.276666666666667,10.316666666666666,573.0,SE,1.51,10.6,61.5,0.08466666666666667,6,Sunday,Night (0-6),True,0
2026-03-29 07:00:00,8.253333333333334,7.433333333333334,667.0,SE,1.1440000000000001,10.8,60.7,0.16933333333333334,7,Sunday,Working Hours (7-18),True,0
2026-03-29 08:00:00,5.23,4.55,507.0,SE,0.778,11.0,59.9,0.254,8,Sunday,Working Hours (7-18),True,0
2026-03-29 09:00:00,4.08,3.583333333333333,1329.0,SW,0.974,12.1,55.55,0.18413333333333332,9,Sunday,Working Hours (7-18),True,0
2026-03-29 10:00:00,2.9300000000000006,2.6166666666666663,836.0,S,1.17,13.2,51.2,0.11426666666666666,10,Sunday,Working Hours (7-18),True,0
2026-03-29 11:00:00,1.78,1.65,882.0,S,1.2,13.6,50.3,0.0444,11,Sunday,Working Hours (7-18),True,0
2026-03-29 12:00:00,1.77,1.5933333333333333,741.0,SW,1.23,14.0,49.4,0.03254666666666667,12,Sunday,Working Hours (7-18),True,0
2026-03-29 13:00:00,1.76,1.5366666666666666,709.0,SW,1.17,14.1,49.9,0.020693333333333334,13,Sunday,Working Hours (7-18),True,0
2026-03-29 14:00:00,1.75,1.48,870.0,S,1.11,14.2,50.4,0.00884,14,Sunday,Working Hours (7-18),True,0
2026-03-29 15:00:00,3.3033333333333332,2.7800000000000002,604.0,SW,1.085,13.75,52.849999999999994,0.010593333333333333,15,Sunday,Working Hours (7-18),True,0
2026-03-29 16:00:00,4.8566666666666665,4.08,867.0,SW,1.06,13.3,55.3,0.012346666666666667,16,Sunday,Working Hours (7-18),True,0
2026-03-29 17:00:00,6.41,5.38,541.0,SW,1.0015,13.350000000000001,54.75,0.0141,17,Sunday,Working Hours (7-18),True,0
2026-03-29 18:00:00,7.363333333333333,6.423333333333333,420.0,S,0.943,13.4,54.2,0.016133333333333333,18,Sunday,Working Hours (7-18),True,0
2026-03-29 19:00:00,8.316666666666666,7.466666666666667,458.0,S,0.917,12.600000000000001,56.1,0.018166666666666664,19,Sunday,Evening (19-23),True,0
2026-03-29 20:00:00,9.27,8.51,486.0,SE,0.891,11.8,58.0,0.0202,20,Sunday,Evening (19-23),True,0
2026-03-29 21:00:00,8.076666666666666,7.3,830.0,SE,0.819,11.55,59.15,0.013466666666666665,21,Sunday,Evening (19-23),True,0
2026-03-29 22:00:00,6.883333333333333,6.09,799.0,SE,0.747,11.3,60.3,0.0067333333333333325,22,Sunday,Evening (19-23),True,0
2026-03-29 23:00:00,5.69,4.88,759.0,S,0.7955,10.495000000000001,63.949999999999996,0.0,23,Sunday,Evening (19-23),True,0
2026-03-30 00:00:00,4.766666666666667,4.043333333333333,1545.0,S,0.844,9.69,67.6,0.0,0,Monday,Night (0-6),True,0
2026-03-30 01:00:00,3.8433333333333337,3.2066666666666666,1103.0,S,0.957,9.32,68.9,0.0,1,Monday,Night (0-6),True,0
2026-03-30 02:00:00,2.92,2.37,907.0,S,1.07,8.95,70.2,0.0,2,Monday,Night (0-6),True,0
2026-03-30 03:00:00,2.8166666666666664,2.316666666666667,772.0,S,1.2200000000000002,9.105,69.80000000000001,0.225,3,Monday,Night (0-6),True,0
2026-03-30 04:00:00,2.7133333333333334,2.263333333333333,702.0,SE,1.37,9.26,69.4,0.45,4,Monday,Night (0-6),True,0
2026-03-30 05:00:00,2.61,2.21,971.0,SE,1.38,9.469999999999999,69.25,0.675,5,Monday,Night (0-6),True,0
2026-03-30 06:00:00,2.8233333333333333,2.3466666666666667,929.0,SE,1.39,9.68,69.1,0.84,6,Monday,Night (0-6),True,0
2026-03-30 07:00:00,3.0366666666666666,2.4833333333333334,2054.0,SE,1.2599999999999998,9.99,68.85,1.005,7,Monday,Working Hours (7-18),True,0
2026-03-30 08:00:00,3.25,2.62,2637.0,SE,1.13,10.3,68.6,1.17,8,Monday,Working Hours (7-18),True,0
2026-03-30 09:00:00,2.497,2.1566666666666667,2641.0,SE,1.3599999999999999,10.95,66.3,1.31,9,Monday,Working Hours (7-18),True,0
2026-03-30 10:00:00,1.744,1.6933333333333334,2571.0,SE,1.59,11.6,64.0,1.4500000000000002,10,Monday,Working Hours (7-18),True,0
2026-03-30 11:00:00,0.991,1.23,400.0,SE,2.1350000000000002,12.05,63.05,1.59,11,Monday,Working Hours (7-18),True,0
2026-03-30 12:00:00,1.6139999999999999,1.7266666666666668,145.0,S,2.68,12.5,62.1,1.3626666666666667,12,Monday,Working Hours (7-18),True,0
2026-03-30 13:00:00,2.2369999999999997,2.2233333333333336,160.0,SE,2.335,12.8,62.55,1.1353333333333335,13,Monday,Working Hours (7-18),True,0
2026-03-30 14:00:00,2.86,2.72,147.0,S,1.99,13.1,63.0,0.908,14,Monday,Working Hours (7-18),True,0
2026-03-30 15:00:00,2.2966666666666664,2.3266666666666667,621.0,SE,1.6800000000000002,13.25,66.05,0.7376666666666667,15,Monday,Working Hours (7-18),True,0
2026-03-30 16:00:00,1.7333333333333332,1.9333333333333336,1041.0,S,1.37,13.4,69.1,0.5673333333333334,16,Monday,Working Hours (7-18),True,0
2026-03-30 17:00:00,1.17,1.54,613.0,SE,2.065,13.600000000000001,71.65,0.397,17,Monday,Working Hours (7-18),True,0
2026-03-30 18:00:00,1.2166666666666666,1.5333333333333334,101.0,S,2.76,13.8,74.2,0.4166666666666667,18,Monday,Working Hours (7-18),True,0
2026-03-30 19:00:00,1.2633333333333334,1.5266666666666666,77.8,S,2.6399999999999997,13.45,79.5,0.43633333333333335,19,Monday,Evening (19-23),True,0
2026-03-30 20:00:00,1.31,1.52,141.0,S,2.52,13.1,84.8,0.456,20,Monday,Evening (19-23),True,0
2026-03-30 21:00:00,3.3533333333333335,3.2933333333333334,464.0,S,2.025,12.899999999999999,87.3,0.37,21,Monday,Evening (19-23),True,0
2026-03-30 22:00:00,5.3966666666666665,5.066666666666666,906.0,S,1.53,12.7,89.8,0.28400000000000003,22,Monday,Evening (19-23),True,0
2026-03-30 23:00:00,7.44,6.84,466.0,S,1.3900000000000001,12.5,89.3,0.198,23,Monday,Evening (19-23),True,0
2026-03-31 00:00:00,8.76,7.926666666666667,407.0,S,1.25,12.3,88.8,0.132,0,Tuesday,Night (0-6),True,0
2026-03-31 01:00:00,10.08,9.013333333333334,301.0,S,1.1949999999999998,11.95,88.9,0.066,1,Tuesday,Night (0-6),True,0
2026-03-31 02:00:00,11.4,10.1,248.0,SE,1.14,11.6,89.0,0.0,2,Tuesday,Night (0-6),True,0
2026-03-31 03:00:00,10.376666666666667,8.9,177.0,SE,1.0145,11.7,87.9,0.06433333333333334,3,Tuesday,Night (0-6),True,0
2026-03-31 04:00:00,9.353333333333333,7.699999999999999,152.0,S,0.889,11.8,86.8,0.12866666666666668,4,Tuesday,Night (0-6),True,0
2026-03-31 05:00:00,8.33,6.5,2118.0,S,0.837,11.9,85.9,0.193,5,Tuesday,Night (0-6),True,0
2026-03-31 06:00:00,9.153333333333334,7.156666666666667,3528.0,S,0.785,12.0,85.0,0.322,6,Tuesday,Night (0-6),True,0
2026-03-31 07:00:00,9.976666666666667,7.8133333333333335,4589.0,S,0.7050000000000001,12.2,83.3,0.451,7,Tuesday,Working Hours (7-18),True,0
2026-03-31 08:00:00,10.8,8.47,5690.0,SE,0.625,12.4,81.6,0.58,8,Tuesday,Working Hours (7-18),True,0
2026-03-31 09:00:00,10.213333333333333,8.046666666666667,4221.0,SE,0.8875,12.9,78.8,0.5046666666666666,9,Tuesday,Working Hours (7-18),True,0
2026-03-31 10:00:00,9.626666666666667,7.623333333333334,3681.0,SE,1.15,13.4,76.0,0.42933333333333334,10,Tuesday,Working Hours (7-18),True,0
2026-03-31 11:00:00,9.04,7.2,942.0,S,1.24,13.350000000000001,76.4,0.354,11,Tuesday,Working Hours (7-18),True,0
2026-03-31 12:00:00,9.07,7.256666666666667,1205.0,S,1.33,13.3,76.8,0.5826666666666667,12,Tuesday,Working Hours (7-18),True,0
2026-03-31 13:00:00,9.1,7.3133333333333335,1599.0,S,1.0685,13.65,74.0,0.8113333333333332,13,Tuesday,Working Hours (7-18),True,0
2026-03-31 14:00:00,9.13,7.37,1055.0,S,0.807,14.0,71.2,1.04,14,Tuesday,Working Hours (7-18),True,0
2026-03-31 15:00:00,9.013333333333334,7.296666666666667,983.0,S,0.819,14.25,69.4,0.9286666666666666,15,Tuesday,Working Hours (7-18),True,0
2026-03-31 16:00:00,8.896666666666667,7.223333333333334,1158.0,SE,0.831,14.5,67.6,0.8173333333333332,16,Tuesday,Working Hours (7-18),True,0
2026-03-31 17:00:00,8.78,7.15,988.0,SE,0.8714999999999999,14.15,68.4,0.706,17,Tuesday,Working Hours (7-18),True,0
2026-03-31 18:00:00,8.626666666666667,7.013333333333334,1127.0,S,0.912,13.8,69.2,0.48716666666666664,18,Tuesday,Working Hours (7-18),True,0
2026-03-31 19:00:00,8.473333333333333,6.876666666666667,1267.0,S,0.8535,13.45,70.75,0.2683333333333333,19,Tuesday,Evening (19-23),True,0
2026-03-31 20:00:00,8.32,6.74,940.0,S,0.795,13.1,72.3,0.0495,20,Tuesday,Evening (19-23),True,0
2026-03-31 21:00:00,9.113333333333333,7.5200000000000005,3133.0,S,0.763,12.95,73.9,0.033,21,Tuesday,Evening (19-23),True,0
2026-03-31 22:00:00,9.906666666666666,8.3,2241.0,S,0.731,12.8,75.5,0.0165,22,Tuesday,Evening (19-23),True,0
2026-03-31 23:00:00,10.7,9.08,3488.0,S,0.8049999999999999,12.55,78.05,0.0,23,Tuesday,Evening (19-23),True,0
2026-04-01 00:00:00,8.903333333333332,7.446666666666667,2913.0,SE,0.879,12.3,80.6,0.020033333333333334,0,Wednesday,Night (0-6),False,0
2026-04-01 01:00:00,7.106666666666666,5.8133333333333335,1400.0,SE,0.9255,11.95,84.94999999999999,0.04006666666666667,1,Wednesday,Night (0-6),False,0
2026-04-01 02:00:00,5.31,4.18,1171.0,SE,0.972,11.6,89.3,0.0601,2,Wednesday,Night (0-6),False,0
2026-04-01 03:00:00,4.863333333333333,3.8866666666666663,938.0,S,0.8405,11.55,90.85,0.10406666666666667,3,Wednesday,Night (0-6),False,0
2026-04-01 04:00:00,4.416666666666667,3.5933333333333333,2216.0,S,0.709,11.5,92.4,0.14803333333333335,4,Wednesday,Night (0-6),False,0
2026-04-01 05:00:00,3.97,3.3,3324.0,S,0.8594999999999999,11.75,91.9,0.192,5,Wednesday,Night (0-6),False,0
2026-04-01 06:00:00,7.113333333333333,6.433333333333333,4271.0,S,1.01,12.0,91.4,0.5346666666666666,6,Wednesday,Night (0-6),False,0
2026-04-01 07:00:00,10.256666666666666,9.566666666666666,4926.0,S,1.075,12.4,89.95,0.8773333333333333,7,Wednesday,Working Hours (7-18),False,0
2026-04-01 08:00:00,13.4,12.7,4658.0,S,1.14,12.8,88.5,1.22,8,Wednesday,Working Hours (7-18),False,0
2026-04-01 09:00:00,11.870000000000001,11.276666666666666,4030.0,SE,1.255,13.25,85.75,1.0413333333333332,9,Wednesday,Working Hours (7-18),False,0
2026-04-01 10:00:00,10.34,9.853333333333333,3132.0,S,1.37,13.7,83.0,0.8626666666666667,10,Wednesday,Working Hours (7-18),False,0
2026-04-01 11:00:00,8.81,8.43,2972.0,SE,1.44,14.15,80.4,0.684,11,Wednesday,Working Hours (7-18),False,0
2026-04-01 12:00:00,6.53,6.336666666666666,3225.0,SE,1.51,14.6,77.8,0.49200000000000005,12,Wednesday,Working Hours (7-18),False,0
2026-04-01 13:00:00,4.25,4.243333333333333,1797.0,SE,1.7999999999999998,15.05,75.1,0.30000000000000004,13,Wednesday,Working Hours (7-18),False,0
2026-04-01 14:00:00,1.97,2.15,346.0,SE,2.09,15.5,72.4,0.108,14,Wednesday,Working Hours (7-18),False,0
2026-04-01 15:00:00,1.8866666666666667,2.1133333333333333,471.0,SE,1.92,15.3,72.6,0.45866666666666656,15,Wednesday,Working Hours (7-18),False,0
2026-04-01 16:00:00,1.8033333333333332,2.0766666666666667,470.0,SE,1.75,15.1,72.8,0.8093333333333331,16,Wednesday,Working Hours (7-18),False,0
2026-04-01 17:00:00,1.72,2.04,586.0,S,1.8199999999999998,14.45,74.94999999999999,1.16,17,Wednesday,Working Hours (7-18),False,0
2026-04-01 18:00:00,1.4326666666666665,1.7666666666666666,389.0,SE,1.89,13.8,77.1,0.8326666666666666,18,Wednesday,Working Hours (7-18),False,0
2026-04-01 19:00:00,1.1453333333333333,1.4933333333333334,594.0,S,1.73,13.100000000000001,82.05,0.5053333333333332,19,Wednesday,Evening (19-23),False,0
2026-04-01 20:00:00,0.858,1.22,775.0,S,1.57,12.4,87.0,0.178,20,Wednesday,Evening (19-23),False,0
2026-04-01 21:00:00,0.9653333333333333,1.2166666666666666,1548.0,S,1.6600000000000001,12.15,88.2,0.14743333333333333,21,Wednesday,Evening (19-23),False,0
2026-04-01 22:00:00,1.0726666666666667,1.2133333333333334,1232.0,S,1.75,11.9,89.4,0.11686666666666667,22,Wednesday,Evening (19-23),False,0
2026-04-01 23:00:00,1.18,1.21,1150.0,S,1.65,11.95,88.45,0.0863,23,Wednesday,Evening (19-23),False,0
2026-04-02 00:00:00,1.009,1.1766666666666667,1098.0,S,1.55,12.0,87.5,0.0982,0,Thursday,Night (0-6),False,1
2026-04-02 01:00:00,0.8380000000000001,1.1433333333333333,724.0,S,1.775,11.85,86.7,0.1101,1,Thursday,Night (0-6),False,1
2026-04-02 02:00:00,0.667,1.11,522.0,S,2.0,11.7,85.9,0.122,2,Thursday,Night (0-6),False,1
2026-04-02 03:00:00,1.1346666666666667,1.5066666666666668,188.0,S,1.6949999999999998,11.6,85.7,0.8046666666666666,3,Thursday,Night (0-6),False,1
2026-04-02 04:00:00,1.6023333333333332,1.9033333333333333,303.0,SE,1.39,11.5,85.5,1.4873333333333334,4,Thursday,Night (0-6),False,1
2026-04-02 05:00:00,2.07,2.3,500.0,SE,1.6,11.35,87.35000000000001,2.17,5,Thursday,Night (0-6),False,1
2026-04-02 06:00:00,2.2366666666666664,2.493333333333333,484.0,S,1.81,11.2,89.2,1.7363333333333333,6,Thursday,Night (0-6),False,1
2026-04-02 07:00:00,2.4033333333333333,2.6866666666666665,556.0,S,1.6099999999999999,11.2,89.4,1.3026666666666666,7,Thursday,Working Hours (7-18),False,1
2026-04-02 08:00:00,2.57,2.88,1024.0,SE,1.41,11.2,89.6,0.869,8,Thursday,Working Hours (7-18),False,1
2026-04-02 09:00:00,1.8793333333333333,2.2766666666666664,733.0,S,1.415,11.8,85.19999999999999,0.6890000000000001,9,Thursday,Working Hours (7-18),False,1
2026-04-02 10:00:00,1.1886666666666665,1.6733333333333333,649.0,SE,1.42,12.4,80.8,0.509,10,Thursday,Working Hours (7-18),False,1
2026-04-02 11:00:00,0.498,1.07,673.0,SE,1.7,13.4,75.0,0.329,11,Thursday,Working Hours (7-18),False,1
2026-04-02 12:00:00,0.38033333333333336,1.0533333333333335,67.2,S,1.98,14.4,69.2,0.3976666666666667,12,Thursday,Working Hours (7-18),False,1
2026-04-02 13:00:00,0.2626666666666667,1.0366666666666666,136.0,S,2.275,15.0,67.25,0.4663333333333334,13,Thursday,Working Hours (7-18),False,1
2026-04-02 14:00:00,0.145,1.02,241.0,S,2.57,15.6,65.3,0.535,14,Thursday,Working Hours (7-18),False,1
2026-04-02 15:00:00,0.18,1.0266666666666666,543.0,S,2.705,15.35,66.05,0.37250000000000005,15,Thursday,Working Hours (7-18),False,1
2026-04-02 16:00:00,0.215,1.0333333333333334,520.0,S,2.84,15.1,66.8,0.21000000000000002,16,Thursday,Working Hours (7-18),False,1
2026-04-02 17:00:00,0.25,1.04,312.0,S,2.385,14.55,70.15,0.0475,17,Thursday,Working Hours (7-18),False,1
2026-04-02 18:00:00,0.6533333333333333,1.1866666666666668,160.0,S,1.93,14.0,73.5,0.05313333333333333,18,Thursday,Working Hours (7-18),False,1
2026-04-02 19:00:00,1.0566666666666666,1.3333333333333333,356.0,S,1.585,13.6,74.3,0.05876666666666667,19,Thursday,Evening (19-23),False,1
2026-04-02 20:00:00,1.46,1.48,943.0,SE,1.24,13.2,75.1,0.0644,20,Thursday,Evening (19-23),False,1
2026-04-02 21:00:00,1.3699999999999999,1.4166666666666667,2667.0,S,1.335,13.1,74.3,0.043859999999999996,21,Thursday,Evening (19-23),False,1
2026-04-02 22:00:00,1.28,1.3533333333333333,1573.0,S,1.43,13.0,73.5,0.02332,22,Thursday,Evening (19-23),False,1
2026-04-02 23:00:00,1.19,1.29,262.0,S,1.1955,12.85,72.85,0.00278,23,Thursday,Evening (19-23),False,1
2026-04-03 00:00:00,1.1433333333333333,1.2466666666666666,334.0,S,0.961,12.7,72.2,0.0018533333333333331,0,Friday,Night (0-6),False,1
2026-04-03 01:00:00,1.0966666666666667,1.2033333333333334,279.0,S,0.865,12.55,72.85,0.0009266666666666666,1,Friday,Night (0-6),False,1
2026-04-03 02:00:00,1.05,1.16,168.0,SE,0.769,12.4,73.5,0.0,2,Friday,Night (0-6),False,1
2026-04-03 03:00:00,1.002,1.1366666666666667,196.0,SE,0.9195,12.100000000000001,74.95,0.016166666666666666,3,Friday,Night (0-6),False,1
2026-04-03 04:00:00,0.9540000000000001,1.1133333333333333,287.0,SE,1.07,11.8,76.4,0.03233333333333333,4,Friday,Night (0-6),False,1
2026-04-03 05:00:00,0.906,1.09,326.0,SE,1.0075,11.65,77.15,0.0485,5,Friday,Night (0-6),False,1
2026-04-03 06:00:00,1.2406666666666668,1.3133333333333335,490.0,SE,0.945,11.5,77.9,2.079,6,Friday,Night (0-6),False,1
2026-04-03 07:00:00,1.5753333333333335,1.5366666666666666,883.0,SE,0.8855,11.75,77.80000000000001,4.1095,7,Friday,Working Hours (7-18),False,1
2026-04-03 08:00:00,1.91,1.76,1449.0,SE,0.826,12.0,77.7,6.14,8,Friday,Working Hours (7-18),False,1
2026-04-03 09:00:00,4.223333333333333,4.013333333333334,1863.0,SE,0.998,13.15,73.75,5.3133333333333335,9,Friday,Working Hours (7-18),False,1
2026-04-03 10:00:00,6.536666666666666,6.266666666666667,710.0,SE,1.17,14.3,69.8,4.486666666666666,10,Friday,Working Hours (7-18),False,1
2026-04-03 11:00:00,8.85,8.52,722.0,S,0.994,15.65,64.75,3.66,11,Friday,Working Hours (7-18),False,1
2026-04-03 12:00:00,7.503333333333333,7.193333333333333,619.0,S,0.818,17.0,59.7,2.4418533333333334,12,Friday,Working Hours (7-18),False,1
2026-04-03 13:00:00,6.156666666666666,5.866666666666666,580.0,SE,0.853,17.5,59.8,1.2237066666666667,13,Friday,Working Hours (7-18),False,1
2026-04-03 14:00:00,4.81,4.54,611.0,S,0.888,18.0,59.9,0.00556,14,Friday,Working Hours (7-18),False,1
2026-04-03 15:00:00,3.76,3.5366666666666666,625.0,SW,1.184,17.55,61.9,0.006483333333333333,15,Friday,Working Hours (7-18),False,1
2026-04-03 16:00:00,2.71,2.533333333333333,62.5,W,1.48,17.1,63.9,0.007406666666666667,16,Friday,Working Hours (7-18),False,1
2026-04-03 17:00:00,1.66,1.53,70.0,SW,1.44,16.25,66.4,0.00833,17,Friday,Working Hours (7-18),False,1
2026-04-03 18:00:00,3.6266666666666665,3.41,67.6,SW,1.4,15.4,68.9,0.03425333333333333,18,Friday,Working Hours (7-18),False,1
2026-04-03 19:00:00,5.593333333333333,5.29,58.2,W,1.0945,14.65,71.85,0.060176666666666656,19,Friday,Evening (19-23),False,1
2026-04-03 20:00:00,7.56,7.17,180.0,SW,0.789,13.9,74.8,0.0861,20,Friday,Evening (19-23),False,1
2026-04-03 21:00:00,8.406666666666666,7.996666666666667,3318.0,S,0.5655,13.15,77.85,0.0574,21,Friday,Evening (19-23),False,1
2026-04-03 22:00:00,9.253333333333334,8.823333333333334,6010.0,SW,0.342,12.4,80.9,0.028700000000000003,22,Friday,Evening (19-23),False,1
2026-04-03 23:00:00,10.1,9.65,5571.0,SW,0.3315,11.5,83.55000000000001,0.0,23,Friday,Evening (19-23),False,1
2026-04-04 00:00:00,10.366666666666667,9.933333333333334,6664.0,SW,0.321,10.6,86.2,0.0,0,Saturday,Night (0-6),False,1
2026-04-04 01:00:00,10.633333333333333,10.216666666666667,7147.0,W,0.2905,10.075,86.65,0.0,1,Saturday,Night (0-6),False,1
2026-04-04 02:00:00,10.9,10.5,6923.0,SW,0.26,9.55,87.1,0.0,2,Saturday,Night (0-6),False,1
2026-04-04 03:00:00,10.666666666666666,10.276666666666667,6874.0,SW,0.2555,9.285,86.69999999999999,0.005066666666666666,3,Saturday,Night (0-6),False,1
2026-04-04 04:00:00,10.433333333333334,10.053333333333333,6838.0,SW,0.251,9.02,86.3,0.010133333333333333,4,Saturday,Night (0-6),False,1
2026-04-04 05:00:00,10.2,9.83,7449.0,SW,0.299,8.969999999999999,86.15,0.0152,5,Saturday,Night (0-6),False,1
2026-04-04 06:00:00,11.7,11.153333333333334,7879.0,SW,0.347,8.92,86.0,0.5234666666666666,6,Saturday,Night (0-6),False,1
2026-04-04 07:00:00,13.2,12.476666666666667,7773.0,S,0.3065,10.36,81.65,1.0317333333333334,7,Saturday,Working Hours (7-18),False,1
2026-04-04 08:00:00,14.7,13.8,7654.0,SW,0.266,11.8,77.3,1.54,8,Saturday,Working Hours (7-18),False,1
2026-04-04 09:00:00,12.316666666666666,11.58,8081.0,S,0.313,15.3,66.05,1.073,9,Saturday,Working Hours (7-18),False,1
2026-04-04 10:00:00,9.933333333333334,9.36,8455.0,SW,0.36,18.8,54.8,0.606,10,Saturday,Working Hours (7-18),False,1
2026-04-04 11:00:00,7.55,7.14,7408.0,S,0.46249999999999997,21.3,50.8,0.139,11,Saturday,Working Hours (7-18),False,1
2026-04-04 12:00:00,6.199999999999999,5.746666666666666,4818.0,S,0.565,23.8,46.8,0.09266666666666667,12,Saturday,Working Hours (7-18),False,1
2026-04-04 13:00:00,4.85,4.3533333333333335,5030.0,SW,0.6665,23.85,47.55,0.04633333333333334,13,Saturday,Working Hours (7-18),False,1
2026-04-04 14:00:00,3.5,2.96,2414.0,S,0.768,23.9,48.3,0.0,14,Saturday,Working Hours (7-18),False,1
2026-04-04 15:00:00,3.69,3.1466666666666665,902.0,SW,0.7815000000000001,24.2,45.4,0.002776666666666667,15,Saturday,Working Hours (7-18),False,1
2026-04-04 16:00:00,3.8800000000000003,3.3333333333333335,291.0,SW,0.795,24.5,42.5,0.005553333333333334,16,Saturday,Working Hours (7-18),False,1
2026-04-04 17:00:00,4.07,3.52,1189.0,SW,0.636,24.15,43.95,0.00833,17,Saturday,Working Hours (7-18),False,1
2026-04-04 18:00:00,4.343333333333334,3.853333333333333,1722.0,SW,0.477,23.8,45.4,0.04155333333333333,18,Saturday,Working Hours (7-18),False,1
2026-04-04 19:00:00,4.616666666666666,4.1866666666666665,3970.0,SW,0.8485,21.6,50.349999999999994,0.07477666666666666,19,Saturday,Evening (19-23),False,1
2026-04-04 20:00:00,4.89,4.52,4316.0,SE,1.22,19.4,55.3,0.108,20,Saturday,Evening (19-23),False,1
2026-04-04 21:00:00,6.536666666666666,6.07,5140.0,S,1.057,18.25,57.75,0.07292666666666667,21,Saturday,Evening (19-23),False,1
2026-04-04 22:00:00,8.183333333333334,7.62,5616.0,S,0.894,17.1,60.2,0.037853333333333336,22,Saturday,Evening (19-23),False,1
2026-04-04 23:00:00,9.83,9.17,2423.0,S,1.027,16.05,66.85,0.00278,23,Saturday,Evening (19-23),False,1
2026-04-05 00:00:00,11.686666666666667,10.946666666666667,1873.0,SE,1.16,15.0,73.5,0.0018533333333333331,0,Sunday,Night (0-6),False,1
2026-04-05 01:00:00,13.543333333333333,12.723333333333333,1002.0,SE,0.9329999999999999,14.549999999999999,77.5,0.0009266666666666666,1,Sunday,Night (0-6),False,1
2026-04-05 02:00:00,15.4,14.5,1116.0,SE,0.706,14.1,81.5,0.0,2,Sunday,Night (0-6),False,1
2026-04-05 03:00:00,15.8,15.033333333333333,1422.0,SE,0.5855,13.6,82.8,0.0,3,Sunday,Night (0-6),False,1
2026-04-05 04:00:00,16.200000000000003,15.566666666666668,4524.0,S,0.465,13.1,84.1,0.0,4,Sunday,Night (0-6),False,1
2026-04-05 05:00:00,16.6,16.1,6029.0,S,0.41100000000000003,12.55,85.4,0.0,5,Sunday,Night (0-6),False,1
2026-04-05 06:00:00,16.933333333333334,16.366666666666667,5824.0,S,0.357,12.0,86.7,0.0,6,Sunday,Night (0-6),False,1
2026-04-05 07:00:00,17.26666666666667,16.633333333333333,6447.0,SW,0.389,12.3,85.45,0.0,7,Sunday,Working Hours (7-18),False,1
2026-04-05 08:00:00,17.6,16.9,6942.0,SW,0.421,12.6,84.2,0.0,8,Sunday,Working Hours (7-18),False,1
2026-04-05 09:00:00,14.523333333333333,13.87,6175.0,S,0.436,13.5,81.45,0.012133333333333333,9,Sunday,Working Hours (7-18),False,1
2026-04-05 10:00:00,11.446666666666665,10.84,5221.0,S,0.451,14.4,78.7,0.024266666666666666,10,Sunday,Working Hours (7-18),False,1
2026-04-05 11:00:00,8.37,7.81,3231.0,S,0.6995,14.850000000000001,76.85,0.0364,11,Sunday,Working Hours (7-18),False,1
2026-04-05 12:00:00,7.196666666666666,6.71,895.0,SW,0.948,15.3,75.0,0.026203333333333335,12,Sunday,Working Hours (7-18),False,1
2026-04-05 13:00:00,6.023333333333333,5.609999999999999,151.0,SW,1.139,15.3,74.55,0.016006666666666666,13,Sunday,Working Hours (7-18),False,1
2026-04-05 14:00:00,4.85,4.51,107.0,SW,1.33,15.3,74.1,0.00581,14,Sunday,Working Hours (7-18),False,1
2026-04-05 15:00:00,7.133333333333333,6.64,140.0,SW,1.34,15.350000000000001,73.8,0.005726666666666666,15,Sunday,Working Hours (7-18),False,1
2026-04-05 16:00:00,9.416666666666666,8.77,95.3,SW,1.35,15.4,73.5,0.0056433333333333335,16,Sunday,Working Hours (7-18),False,1
2026-04-05 17:00:00,11.7,10.9,209.0,SW,1.3900000000000001,15.3,74.05,0.00556,17,Sunday,Working Hours (7-18),False,1
2026-04-05 18:00:00,13.533333333333333,12.766666666666667,331.0,SW,1.43,15.2,74.6,0.00657,18,Sunday,Working Hours (7-18),False,1
2026-04-05 19:00:00,15.366666666666665,14.633333333333333,1403.0,SW,1.5399999999999998,14.7,76.75,0.00758,19,Sunday,Evening (19-23),False,1
2026-04-05 20:00:00,17.2,16.5,1662.0,W,1.65,14.2,78.9,0.00859,20,Sunday,Evening (19-23),False,1
2026-04-05 21:00:00,19.433333333333334,18.666666666666668,1577.0,W,1.205,13.6,81.05000000000001,0.005726666666666667,21,Sunday,Evening (19-23),False,1
2026-04-05 22:00:00,21.666666666666664,20.833333333333332,2482.0,SW,0.76,13.0,83.2,0.002863333333333334,22,Sunday,Evening (19-23),False,1
2026-04-05 23:00:00,23.9,23.0,3921.0,SW,0.4995,12.35,85.2,0.0,23,Sunday,Evening (19-23),False,1
2026-04-06 00:00:00,25.5,24.366666666666667,5381.0,SW,0.239,11.7,87.2,0.0,0,Monday,Night (0-6),False,0
2026-04-06 01:00:00,27.099999999999998,25.733333333333334,5565.0,SW,0.299,11.149999999999999,88.2,0.0,1,Monday,Night (0-6),False,0
2026-04-06 02:00:00,28.7,27.1,5708.0,S,0.359,10.6,89.2,0.0,2,Monday,Night (0-6),False,0
2026-04-06 03:00:00,29.9,27.866666666666667,5814.0,SW,0.3645,10.3,89.6,0.9733333333333333,3,Monday,Night (0-6),False,0
2026-04-06 04:00:00,31.099999999999998,28.633333333333333,6404.0,S,0.37,10.0,90.0,1.9466666666666665,4,Monday,Night (0-6),False,0
2026-04-06 05:00:00,32.3,29.4,6619.0,S,0.33899999999999997,9.84,90.2,2.92,5,Monday,Night (0-6),False,0
2026-04-06 06:00:00,33.63333333333333,30.366666666666664,6504.0,W,0.308,9.68,90.4,3.856666666666667,6,Monday,Night (0-6),False,0
2026-04-06 07:00:00,34.96666666666666,31.333333333333332,7024.0,SW,0.3785,10.79,87.9,4.793333333333334,7,Monday,Working Hours (7-18),False,0
2026-04-06 08:00:00,36.3,32.3,7146.0,SW,0.449,11.9,85.4,5.73,8,Monday,Working Hours (7-18),False,0
2026-04-06 09:00:00,25.189999999999998,22.419999999999998,7030.0,S,0.649,16.35,71.75,5.0633333333333335,9,Monday,Working Hours (7-18),False,0
2026-04-06 10:00:00,14.079999999999998,12.54,7131.0,S,0.849,20.8,58.1,4.3966666666666665,10,Monday,Working Hours (7-18),False,0
2026-04-06 11:00:00,2.97,2.66,3640.0,S,1.1195,24.85,44.4,3.73,11,Monday,Working Hours (7-18),False,0
2026-04-06 12:00:00,3.206666666666667,2.93,1956.0,SE,1.39,28.9,30.7,4.83,12,Monday,Working Hours (7-18),False,0
2026-04-06 13:00:00,3.4433333333333334,3.2,2171.0,S,1.395,30.0,29.6,5.93,13,Monday,Working Hours (7-18),False,0
2026-04-06 14:00:00,3.68,3.47,1562.0,S,1.4,31.1,28.5,7.03,14,Monday,Working Hours (7-18),False,0
2026-04-06 15:00:00,5.243333333333333,4.586666666666667,1224.0,SW,1.29,31.8,26.9,8.92,15,Monday,Working Hours (7-18),False,0
2026-04-06 16:00:00,6.806666666666667,5.703333333333333,1424.0,SW,1.18,32.5,25.3,10.81,16,Monday,Working Hours (7-18),False,0
2026-04-06 17:00:00,8.37,6.82,1796.0,SW,1.0625,32.2,24.8,12.7,17,Monday,Working Hours (7-18),False,0
2026-04-06 18:00:00,9.046666666666667,7.41,1276.0,W,0.945,31.9,24.3,10.313333333333333,18,Monday,Working Hours (7-18),False,0
2026-04-06 19:00:00,9.723333333333333,8.0,2739.0,SW,1.0825,29.75,28.4,7.926666666666666,19,Monday,Evening (19-23),False,0
2026-04-06 20:00:00,10.4,8.59,2174.0,W,1.22,27.6,32.5,5.54,20,Monday,Evening (19-23),False,0
2026-04-06 21:00:00,7.996666666666666,6.866666666666666,769.0,W,0.9375,25.85,35.15,3.6933333333333334,21,Monday,Evening (19-23),False,0
2026-04-06 22:00:00,5.593333333333333,5.143333333333333,1956.0,SW,0.655,24.1,37.8,1.8466666666666671,22,Monday,Evening (19-23),False,0
2026-04-06 23:00:00,3.19,3.42,3848.0,S,0.7885,24.8,32.25,0.0,23,Monday,Evening (19-23),False,0
2026-04-07 00:00:00,3.84,3.8866666666666667,356.0,S,0.922,25.5,26.7,0.0,0,Tuesday,Night (0-6),False,0
2026-04-07 01:00:00,4.49,4.3533333333333335,87.3,SE,0.925,25.1,27.6,0.0,1,Tuesday,Night (0-6),False,0
2026-04-07 02:00:00,5.14,4.82,165.0,S,0.928,24.7,28.5,0.0,2,Tuesday,Night (0-6),False,0
2026-04-07 03:00:00,5.7,5.3566666666666665,86.5,SE,1.194,24.0,31.15,0.24800000000000003,3,Tuesday,Night (0-6),False,0
2026-04-07 04:00:00,6.26,5.8933333333333335,92.8,S,1.46,23.3,33.8,0.49600000000000005,4,Tuesday,Night (0-6),False,0
2026-04-07 05:00:00,6.82,6.43,507.0,S,1.0535,22.45,38.45,0.744,5,Tuesday,Night (0-6),False,0
2026-04-07 06:00:00,7.6000000000000005,6.956666666666666,1659.0,SE,0.647,21.6,43.1,2.566,6,Tuesday,Night (0-6),False,0
2026-04-07 07:00:00,8.38,7.483333333333333,1543.0,S,0.9035,21.4,44.2,4.388,7,Tuesday,Working Hours (7-18),False,0
2026-04-07 08:00:00,9.16,8.01,1771.0,S,1.16,21.2,45.3,6.21,8,Tuesday,Working Hours (7-18),False,0
2026-04-07 09:00:00,15.973333333333333,13.44,3612.0,S,0.9289999999999999,20.85,48.05,7.573333333333333,9,Tuesday,Working Hours (7-18),False,0
2026-04-07 10:00:00,22.78666666666667,18.869999999999997,2925.0,W,0.698,20.5,50.8,8.936666666666667,10,Tuesday,Working Hours (7-18),False,0
2026-04-07 11:00:00,29.6,24.3,3373.0,SW,0.613,21.45,49.349999999999994,10.3,11,Tuesday,Working Hours (7-18),False,0
2026-04-07 12:00:00,26.1,21.066666666666666,3396.0,SW,0.528,22.4,47.9,12.666666666666668,12,Tuesday,Working Hours (7-18),False,0
2026-04-07 13:00:00,22.6,17.833333333333332,3279.0,S,1.344,24.35,42.25,15.033333333333333,13,Tuesday,Working Hours (7-18),False,0
2026-04-07 14:00:00,19.1,14.6,1795.0,W,2.16,26.3,36.6,17.4,14,Tuesday,Working Hours (7-18),False,0
2026-04-07 15:00:00,15.760000000000002,11.99,1363.0,W,1.665,28.15,31.700000000000003,15.033333333333331,15,Tuesday,Working Hours (7-18),False,0
2026-04-07 16:00:00,12.42,9.379999999999999,757.0,S,1.17,30.0,26.8,12.666666666666666,16,Tuesday,Working Hours (7-18),False,0
2026-04-07 17:00:00,9.08,6.77,339.0,SW,1.059,28.55,30.450000000000003,10.3,17,Tuesday,Working Hours (7-18),False,0
2026-04-07 18:00:00,12.186666666666667,9.379999999999999,541.0,SE,0.948,27.1,34.1,7.743333333333334,18,Tuesday,Working Hours (7-18),False,0
2026-04-07 19:00:00,15.293333333333333,11.989999999999998,941.0,S,0.7515000000000001,25.25,41.449999999999996,5.186666666666667,19,Tuesday,Evening (19-23),False,0
2026-04-07 20:00:00,18.4,14.6,3922.0,SW,0.555,23.4,48.8,2.63,20,Tuesday,Evening (19-23),False,0
2026-04-07 21:00:00,15.386666666666665,12.446666666666667,3162.0,S,0.5005000000000001,22.4,52.599999999999994,1.75426,21,Tuesday,Evening (19-23),False,0
2026-04-07 22:00:00,12.373333333333331,10.293333333333333,4338.0,SW,0.446,21.4,56.4,0.87852,22,Tuesday,Evening (19-23),False,0
2026-04-07 23:00:00,9.36,8.14,3815.0,SW,1.048,20.799999999999997,56.25,0.00278,23,Tuesday,Evening (19-23),False,0
2026-04-08 00:00:00,15.406666666666666,13.493333333333332,2070.0,S,1.65,20.2,56.1,0.0018533333333333331,0,Wednesday,Night (0-6),False,0
2026-04-08 01:00:00,21.453333333333333,18.846666666666664,271.0,S,1.575,18.9,61.7,0.0009266666666666666,1,Wednesday,Night (0-6),False,0
2026-04-08 02:00:00,27.5,24.2,115.0,SE,1.5,17.6,67.3,0.0,2,Wednesday,Night (0-6),False,0
2026-04-08 03:00:00,31.433333333333334,27.5,183.0,SE,1.26,17.25,67.94999999999999,0.5666666666666667,3,Wednesday,Night (0-6),False,0
2026-04-08 04:00:00,35.36666666666667,30.8,809.0,S,1.02,16.9,68.6,1.1333333333333333,4,Wednesday,Night (0-6),False,0
2026-04-08 05:00:00,39.3,34.1,2028.0,S,0.6935,16.25,71.6,1.7,5,Wednesday,Night (0-6),False,0
2026-04-08 06:00:00,41.13333333333333,35.266666666666666,2612.0,SW,0.367,15.6,74.6,3.8133333333333326,6,Wednesday,Night (0-6),False,0
2026-04-08 07:00:00,42.96666666666666,36.43333333333334,3824.0,SW,0.399,16.2,73.65,5.926666666666666,7,Wednesday,Working Hours (7-18),False,0
2026-04-08 08:00:00,44.8,37.6,3992.0,SW,0.431,16.8,72.7,8.04,8,Wednesday,Working Hours (7-18),False,0
2026-04-08 09:00:00,45.5,38.800000000000004,4300.0,S,0.5375,18.05,68.4,5.623999999999999,9,Wednesday,Working Hours (7-18),False,0
2026-04-08 10:00:00,46.199999999999996,40.0,3226.0,S,0.644,19.3,64.1,3.2079999999999993,10,Wednesday,Working Hours (7-18),False,0
2026-04-08 11:00:00,46.9,41.2,1017.0,S,0.887,19.6,64.0,0.792,11,Wednesday,Working Hours (7-18),False,0
2026-04-08 12:00:00,40.233333333333334,35.400000000000006,358.0,SW,1.13,19.9,63.9,2.838,12,Wednesday,Working Hours (7-18),False,0
2026-04-08 13:00:00,33.56666666666666,29.6,108.0,SW,1.205,20.2,63.599999999999994,4.8839999999999995,13,Wednesday,Working Hours (7-18),False,0
2026-04-08 14:00:00,26.9,23.8,55.2,SW,1.28,20.5,63.3,6.93,14,Wednesday,Working Hours (7-18),False,0
2026-04-08 15:00:00,21.6,19.12,111.0,SW,1.365,20.6,63.4,4.878,15,Wednesday,Working Hours (7-18),False,0
2026-04-08 16:00:00,16.3,14.44,289.0,SW,1.45,20.7,63.5,2.8259999999999996,16,Wednesday,Working Hours (7-18),False,0
2026-04-08 17:00:00,11.0,9.76,98.3,SW,1.169,19.95,66.95,0.774,17,Wednesday,Working Hours (7-18),False,0
2026-04-08 18:00:00,10.966666666666667,9.57,65.5,SW,0.888,19.2,70.4,0.5206333333333333,18,Wednesday,Working Hours (7-18),False,0
2026-04-08 19:00:00,10.933333333333334,9.379999999999999,205.0,SW,0.8265,18.4,74.1,0.26726666666666665,19,Wednesday,Evening (19-23),False,0
2026-04-08 20:00:00,10.9,9.19,914.0,SW,0.765,17.6,77.8,0.0139,20,Wednesday,Evening (19-23),False,0
2026-04-08 21:00:00,12.233333333333334,10.726666666666667,4519.0,S,0.9175,17.0,79.5,0.009266666666666666,21,Wednesday,Evening (19-23),False,0
2026-04-08 22:00:00,13.566666666666666,12.263333333333334,3461.0,S,1.07,16.4,81.2,0.004633333333333333,22,Wednesday,Evening (19-23),False,0
2026-04-08 23:00:00,14.9,13.8,3593.0,SE,0.9595,15.75,82.35,0.0,23,Wednesday,Evening (19-23),False,0
2026-04-09 00:00:00,19.933333333333334,18.46666666666667,3923.0,S,0.849,15.1,83.5,0.0,0,Thursday,Night (0-6),False,0
2026-04-09 01:00:00,24.96666666666667,23.133333333333333,4520.0,S,0.7835,14.6,84.25,0.0,1,Thursday,Night (0-6),False,0
2026-04-09 02:00:00,30.0,27.8,4657.0,S,0.718,14.1,85.0,0.0,2,Thursday,Night (0-6),False,0
2026-04-09 03:00:00,33.03333333333333,30.0,6119.0,SW,0.5895,13.85,85.8,0.05866666666666666,3,Thursday,Night (0-6),False,0
2026-04-09 04:00:00,36.06666666666667,32.2,7014.0,SW,0.461,13.6,86.6,0.11733333333333332,4,Thursday,Night (0-6),False,0
2026-04-09 05:00:00,39.1,34.4,6932.0,S,0.6745,13.6,86.25,0.176,5,Thursday,Night (0-6),False,0
2026-04-09 06:00:00,42.13333333333333,36.43333333333333,6244.0,S,0.888,13.6,85.9,0.33066666666666666,6,Thursday,Night (0-6),False,0
2026-04-09 07:00:00,45.16666666666667,38.46666666666667,7365.0,S,0.6985,14.05,84.1,0.48533333333333334,7,Thursday,Working Hours (7-18),False,0
2026-04-09 08:00:00,48.2,40.5,8037.0,SW,0.509,14.5,82.3,0.64,8,Thursday,Working Hours (7-18),False,0
2026-04-09 09:00:00,46.5,39.0,7807.0,W,0.6719999999999999,17.2,74.85,0.7316666666666667,9,Thursday,Working Hours (7-18),False,0
2026-04-09 10:00:00,44.800000000000004,37.5,8745.0,W,0.835,19.9,67.4,0.8233333333333334,10,Thursday,Working Hours (7-18),False,0
2026-04-09 11:00:00,43.1,36.0,8827.0,W,1.1625,21.0,62.300000000000004,0.915,11,Thursday,Working Hours (7-18),False,0
2026-04-09 12:00:00,31.57,26.6,5782.0,S,1.49,22.1,57.2,2.58,12,Thursday,Working Hours (7-18),False,0
2026-04-09 13:00:00,20.04,17.2,1529.0,S,2.03,21.2,60.55,4.245,13,Thursday,Working Hours (7-18),False,0
2026-04-09 14:00:00,8.51,7.8,1398.0,S,2.57,20.3,63.9,5.91,14,Thursday,Working Hours (7-18),False,0
2026-04-09 15:00:00,10.706666666666667,9.933333333333334,2662.0,S,2.215,20.05,65.85,4.234333333333334,15,Thursday,Working Hours (7-18),False,0
2026-04-09 16:00:00,12.903333333333332,12.066666666666666,2482.0,S,1.86,19.8,67.8,2.5586666666666664,16,Thursday,Working Hours (7-18),False,0
2026-04-09 17:00:00,15.1,14.2,2187.0,S,2.1,18.55,71.94999999999999,0.883,17,Thursday,Working Hours (7-18),False,0
2026-04-09 18:00:00,16.3,15.366666666666665,2282.0,S,2.34,17.3,76.1,0.5964,18,Thursday,Working Hours (7-18),False,0
2026-04-09 19:00:00,17.5,16.53333333333333,1072.0,S,2.075,16.55,77.65,0.30979999999999996,19,Thursday,Evening (19-23),False,0
2026-04-09 20:00:00,18.7,17.7,1854.0,S,1.81,15.8,79.2,0.0232,20,Thursday,Evening (19-23),False,0
2026-04-09 21:00:00,18.566666666666666,17.633333333333333,2057.0,S,1.635,15.5,79.95,0.015466666666666667,21,Thursday,Evening (19-23),False,0
2026-04-09 22:00:00,18.433333333333334,17.566666666666666,2577.0,S,1.46,15.2,80.7,0.007733333333333333,22,Thursday,Evening (19-23),False,0
2026-04-09 23:00:00,18.3,17.5,1145.0,SE,1.1524999999999999,15.0,80.95,0.0,23,Thursday,Evening (19-23),False,0
2026-04-10 00:00:00,18.5,17.766666666666666,607.0,SE,0.845,14.8,81.2,0.0,0,Friday,Night (0-6),False,0
2026-04-10 01:00:00,18.7,18.033333333333335,174.0,SE,0.9225,14.7,81.2,0.0,1,Friday,Night (0-6),False,0
2026-04-10 02:00:00,18.9,18.3,115.0,SE,1.0,14.6,81.2,0.0,2,Friday,Night (0-6),False,0
2026-04-10 03:00:00,20.7,20.0,220.0,SE,0.9470000000000001,14.7,81.0,0.015166666666666665,3,Friday,Night (0-6),False,0
2026-04-10 04:00:00,22.5,21.7,173.0,S,0.894,14.8,80.8,0.03033333333333333,4,Friday,Night (0-6),False,0
2026-04-10 05:00:00,24.3,23.4,589.0,SE,0.7085,14.9,80.1,0.0455,5,Friday,Night (0-6),False,0
2026-04-10 06:00:00,29.333333333333332,27.03333333333333,1412.0,SE,0.523,15.0,79.4,2.8569999999999998,6,Friday,Night (0-6),False,0
2026-04-10 07:00:00,34.36666666666667,30.666666666666664,1830.0,S,0.628,15.05,77.80000000000001,5.668499999999999,7,Friday,Working Hours (7-18),False,0
2026-04-10 08:00:00,39.4,34.3,816.0,S,0.733,15.1,76.2,8.48,8,Friday,Working Hours (7-18),False,0
2026-04-10 09:00:00,41.53333333333333,35.86666666666667,387.0,W,0.9864999999999999,15.95,73.45,6.236666666666667,9,Friday,Working Hours (7-18),False,0
2026-04-10 10:00:00,43.666666666666664,37.43333333333333,155.0,SW,1.24,16.8,70.7,3.993333333333334,10,Friday,Working Hours (7-18),False,0
2026-04-10 11:00:00,45.8,39.0,380.0,SW,1.3199999999999998,17.6,70.0,1.75,11,Friday,Working Hours (7-18),False,0
2026-04-10 12:00:00,44.6,38.233333333333334,304.0,SW,1.4,18.4,69.3,1.3876666666666666,12,Friday,Working Hours (7-18),False,0
2026-04-10 13:00:00,43.4,37.46666666666667,286.0,SW,1.475,18.75,69.69999999999999,1.0253333333333332,13,Friday,Working Hours (7-18),False,0
2026-04-10 14:00:00,42.2,36.7,245.0,SW,1.55,19.1,70.1,0.663,14,Friday,Working Hours (7-18),False,0
2026-04-10 15:00:00,41.333333333333336,36.03333333333334,84.9,S,1.475,18.75,72.0,0.4488333333333333,15,Friday,Working Hours (7-18),False,0
2026-04-10 16:00:00,40.46666666666667,35.36666666666667,250.0,SW,1.4,18.4,73.9,0.23466666666666663,16,Friday,Working Hours (7-18),False,0
2026-04-10 17:00:00,39.6,34.7,540.0,SW,1.085,19.049999999999997,72.85,0.0205,17,Friday,Working Hours (7-18),False,0
2026-04-10 18:00:00,41.5,35.833333333333336,1373.0,SW,0.77,19.7,71.8,0.01746666666666667,18,Friday,Working Hours (7-18),False,0
2026-04-10 19:00:00,43.4,36.96666666666667,1385.0,SW,0.628,19.0,73.94999999999999,0.014433333333333334,19,Friday,Evening (19-23),False,0
2026-04-10 20:00:00,45.3,38.1,3472.0,SW,0.486,18.3,76.1,0.0114,20,Friday,Evening (19-23),False,0
2026-04-10 21:00:00,46.96666666666666,39.266666666666666,10452.0,S,0.6865,17.65,77.6,0.0076,21,Friday,Evening (19-23),False,0
2026-04-10 22:00:00,48.63333333333333,40.43333333333334,8531.0,S,0.887,17.0,79.1,0.0037999999999999996,22,Friday,Evening (19-23),False,0
2026-04-10 23:00:00,50.3,41.6,7157.0,S,0.9485,16.35,80.9,0.0,23,Friday,Evening (19-23),False,0
2026-04-11 00:00:00,42.3,35.63333333333333,5836.0,S,1.01,15.7,82.7,0.00202,0,Saturday,Night (0-6),False,0
2026-04-11 01:00:00,34.3,29.666666666666668,7949.0,S,1.545,15.35,84.75,0.00404,1,Saturday,Night (0-6),False,0
2026-04-11 02:00:00,26.3,23.7,5854.0,S,2.08,15.0,86.8,0.00606,2,Saturday,Night (0-6),False,0
2026-04-11 03:00:00,20.246666666666666,18.273333333333333,2876.0,S,2.165,14.7,87.8,0.012106666666666668,3,Saturday,Night (0-6),False,0
2026-04-11 04:00:00,14.193333333333333,12.846666666666666,3401.0,S,2.25,14.4,88.8,0.018153333333333334,4,Saturday,Night (0-6),False,0
2026-04-11 05:00:00,8.14,7.42,3613.0,S,2.295,14.2,87.75,0.0242,5,Saturday,Night (0-6),False,0
2026-04-11 06:00:00,7.216666666666667,6.446666666666666,3877.0,S,2.34,14.0,86.7,2.3328,6,Saturday,Night (0-6),False,0
2026-04-11 07:00:00,6.293333333333334,5.473333333333334,3527.0,S,2.0149999999999997,14.2,84.25,4.641400000000001,7,Saturday,Working Hours (7-18),False,0
2026-04-11 08:00:00,5.37,4.5,3851.0,S,1.69,14.4,81.8,6.95,8,Saturday,Working Hours (7-18),False,0
2026-04-11 09:00:00,4.023333333333333,3.54,5589.0,S,1.745,14.2,84.0,7.14,9,Saturday,Working Hours (7-18),False,0
2026-04-11 10:00:00,2.6766666666666667,2.58,6379.0,SE,1.8,14.0,86.2,7.33,10,Saturday,Working Hours (7-18),False,0
2026-04-11 11:00:00,1.33,1.62,4643.0,SE,1.82,13.0,88.05000000000001,7.52,11,Saturday,Working Hours (7-18),False,0
2026-04-11 12:00:00,1.7166666666666668,1.7966666666666666,5355.0,S,1.84,12.0,89.9,6.786666666666666,12,Saturday,Working Hours (7-18),False,0
2026-04-11 13:00:00,2.1033333333333335,1.9733333333333332,3652.0,S,1.815,12.1,83.4,6.053333333333333,13,Saturday,Working Hours (7-18),False,0
2026-04-11 14:00:00,2.49,2.15,4117.0,S,1.79,12.2,76.9,5.32,14,Saturday,Working Hours (7-18),False,0
2026-04-11 15:00:00,2.5933333333333333,2.12,3883.0,S,1.4649999999999999,12.55,71.65,3.602333333333333,15,Saturday,Working Hours (7-18),False,0
2026-04-11 16:00:00,2.6966666666666668,2.09,4282.0,S,1.14,12.9,66.4,1.8846666666666665,16,Saturday,Working Hours (7-18),False,0
2026-04-11 17:00:00,2.8,2.06,4861.0,S,1.049,12.9,66.15,0.167,17,Saturday,Working Hours (7-18),False,0
2026-04-11 18:00:00,3.3666666666666667,2.513333333333333,4559.0,S,0.958,12.9,65.9,0.13986666666666667,18,Saturday,Working Hours (7-18),False,0
2026-04-11 19:00:00,3.9333333333333336,2.966666666666667,4687.0,SE,0.989,12.45,70.5,0.11273333333333332,19,Saturday,Evening (19-23),False,0
2026-04-11 20:00:00,4.5,3.42,5464.0,SE,1.02,12.0,75.1,0.0856,20,Saturday,Evening (19-23),False,0
2026-04-11 21:00:00,3.716666666666667,2.9066666666666667,6099.0,SE,1.002,11.7,75.05,0.05908666666666666,21,Saturday,Evening (19-23),False,0
2026-04-11 22:00:00,2.9333333333333336,2.3933333333333335,3703.0,SW,0.984,11.4,75.0,0.03257333333333333,22,Saturday,Evening (19-23),False,0
2026-04-11 23:00:00,2.15,1.88,4071.0,SE,1.167,10.850000000000001,78.2,0.00606,23,Saturday,Evening (19-23),False,0
2026-04-12 00:00:00,2.1333333333333333,1.8199999999999998,3366.0,S,1.35,10.3,81.4,0.005893333333333334,0,Sunday,Night (0-6),False,0
2026-04-12 01:00:00,2.1166666666666667,1.76,3078.0,SE,1.1655,10.3,81.25,0.005726666666666666,1,Sunday,Night (0-6),False,0
2026-04-12 02:00:00,2.1,1.7,1212.0,SE,0.981,10.3,81.1,0.00556,2,Sunday,Night (0-6),False,0
2026-04-12 03:00:00,1.9100000000000001,1.56,435.0,SE,0.9165,10.2,82.1,0.023906666666666666,3,Sunday,Night (0-6),False,0
2026-04-12 04:00:00,1.7200000000000002,1.42,886.0,SE,0.852,10.1,83.1,0.04225333333333334,4,Sunday,Night (0-6),False,0
2026-04-12 05:00:00,1.53,1.28,1077.0,SE,0.986,10.01,82.8,0.0606,5,Sunday,Night (0-6),False,0
2026-04-12 06:00:00,1.2643333333333333,1.21,1139.0,SE,1.12,9.92,82.5,0.07573333333333333,6,Sunday,Night (0-6),False,0
2026-04-12 07:00:00,0.9986666666666666,1.1400000000000001,890.0,SE,1.3450000000000002,9.855,81.7,0.09086666666666667,7,Sunday,Working Hours (7-18),False,0
2026-04-12 08:00:00,0.733,1.07,673.0,SE,1.57,9.79,80.9,0.106,8,Sunday,Working Hours (7-18),False,0
2026-04-12 09:00:00,3.7186666666666666,3.616666666666667,488.0,SE,1.335,10.995,72.55000000000001,0.12633333333333333,9,Sunday,Working Hours (7-18),False,0
2026-04-12 10:00:00,6.704333333333333,6.163333333333334,442.0,S,1.1,12.2,64.2,0.14666666666666667,10,Sunday,Working Hours (7-18),False,0
2026-04-12 11:00:00,9.69,8.71,272.0,S,1.13,13.25,58.25,0.167,11,Sunday,Working Hours (7-18),False,0
2026-04-12 12:00:00,6.613333333333333,6.140000000000001,372.0,S,1.16,14.3,52.3,0.2566666666666667,12,Sunday,Working Hours (7-18),False,0
2026-04-12 13:00:00,3.536666666666667,3.5700000000000003,270.0,S,1.325,15.100000000000001,47.95,0.3463333333333334,13,Sunday,Working Hours (7-18),False,0
2026-04-12 14:00:00,0.46,1.0,459.0,S,1.49,15.9,43.6,0.436,14,Sunday,Working Hours (7-18),False,0
2026-04-12 15:00:00,0.5253333333333333,1.08,465.0,SE,1.7650000000000001,15.55,47.050000000000004,0.3446666666666667,15,Sunday,Working Hours (7-18),False,0
2026-04-12 16:00:00,0.5906666666666667,1.16,160.0,S,2.04,15.2,50.5,0.2533333333333333,16,Sunday,Working Hours (7-18),False,0
2026-04-12 17:00:00,0.656,1.24,193.0,S,2.015,14.3,57.95,0.162,17,Sunday,Working Hours (7-18),False,0
2026-04-12 18:00:00,0.5886666666666667,1.1633333333333333,341.0,S,1.99,13.4,65.4,0.5146666666666667,18,Sunday,Working Hours (7-18),False,0
2026-04-12 19:00:00,0.5213333333333334,1.0866666666666667,814.0,S,1.975,12.7,68.0,0.8673333333333334,19,Sunday,Evening (19-23),False,0
2026-04-12 20:00:00,0.454,1.01,1000.0,S,1.96,12.0,70.6,1.22,20,Sunday,Evening (19-23),False,0
2026-04-12 21:00:00,0.625,1.0566666666666666,738.0,S,1.7349999999999999,10.98,76.05,0.9216666666666666,21,Sunday,Evening (19-23),False,0
2026-04-12 22:00:00,0.7959999999999999,1.1033333333333333,661.0,SE,1.51,9.96,81.5,0.6233333333333333,22,Sunday,Evening (19-23),False,0
2026-04-12 23:00:00,0.967,1.15,629.0,SE,1.56,9.555,82.4,0.325,23,Sunday,Evening (19-23),False,0
2026-04-13 00:00:00,1.028,1.15,618.0,SE,1.61,9.15,83.3,0.8,0,Monday,Night (0-6),False,0
2026-04-13 01:00:00,1.089,1.15,450.0,SE,1.415,9.15,83.75,1.275,1,Monday,Night (0-6),False,0
2026-04-13 02:00:00,1.15,1.15,431.0,SE,1.22,9.15,84.2,1.75,2,Monday,Night (0-6),False,0
2026-04-13 03:00:00,1.63,1.5233333333333334,594.0,SE,1.2,9.125,84.85,1.54,3,Monday,Night (0-6),False,0
2026-04-13 04:00:00,2.11,1.8966666666666667,309.0,SE,1.18,9.1,85.5,1.33,4,Monday,Night (0-6),False,0
2026-04-13 05:00:00,2.59,2.27,662.0,SE,1.077,9.16,85.4,1.12,5,Monday,Night (0-6),False,0
2026-04-13 06:00:00,2.81,2.4466666666666668,952.0,SE,0.974,9.22,85.3,5.880000000000001,6,Monday,Night (0-6),False,0
2026-04-13 07:00:00,3.03,2.623333333333333,2543.0,SE,1.012,9.445,86.25,10.64,7,Monday,Working Hours (7-18),False,0
2026-04-13 08:00:00,3.25,2.8,2870.0,SE,1.05,9.67,87.2,15.4,8,Monday,Working Hours (7-18),False,0
2026-04-13 09:00:00,3.01,2.6,2808.0,SE,0.9425,9.985,86.2,13.083333333333334,9,Monday,Working Hours (7-18),False,0
2026-04-13 10:00:00,2.77,2.4,2276.0,S,0.835,10.3,85.2,10.766666666666666,10,Monday,Working Hours (7-18),False,0
2026-04-13 11:00:00,2.53,2.2,1791.0,S,1.2774999999999999,11.850000000000001,79.2,8.45,11,Monday,Working Hours (7-18),False,0
2026-04-13 12:00:00,2.010333333333333,1.9233333333333336,1817.0,S,1.72,13.4,73.2,7.9399999999999995,12,Monday,Working Hours (7-18),False,0
2026-04-13 13:00:00,1.4906666666666666,1.646666666666667,848.0,S,1.96,14.25,67.1,7.43,13,Monday,Working Hours (7-18),False,0
2026-04-13 14:00:00,0.971,1.37,562.0,S,2.2,15.1,61.0,6.92,14,Monday,Working Hours (7-18),False,0
2026-04-13 15:00:00,1.104,1.3766666666666667,395.0,S,1.7750000000000001,15.899999999999999,56.3,4.647333333333334,15,Monday,Working Hours (7-18),False,0
2026-04-13 16:00:00,1.237,1.3833333333333333,498.0,SE,1.35,16.7,51.6,2.374666666666667,16,Monday,Working Hours (7-18),False,0
2026-04-13 17:00:00,1.37,1.39,170.0,SE,1.0205,16.75,51.2,0.102,17,Monday,Working Hours (7-18),False,0
2026-04-13 18:00:00,2.906666666666667,2.626666666666667,411.0,SW,0.691,16.8,50.8,0.07077666666666667,18,Monday,Working Hours (7-18),False,0
2026-04-13 19:00:00,4.443333333333333,3.8633333333333333,173.0,S,0.6329999999999999,15.4,57.9,0.039553333333333336,19,Monday,Evening (19-23),False,0
2026-04-13 20:00:00,5.98,5.1,194.0,SW,0.575,14.0,65.0,0.00833,20,Monday,Evening (19-23),False,0
2026-04-13 21:00:00,5.733333333333333,5.04,2347.0,W,0.45599999999999996,12.95,69.95,0.005553333333333334,21,Monday,Evening (19-23),False,0
2026-04-13 22:00:00,5.486666666666667,4.9799999999999995,4180.0,SW,0.337,11.9,74.9,0.002776666666666667,22,Monday,Evening (19-23),False,0
2026-04-13 23:00:00,5.24,4.92,3192.0,S,0.3895,11.850000000000001,75.30000000000001,0.0,23,Monday,Evening (19-23),False,0
2026-04-14 00:00:00,5.3,4.97,2861.0,SW,0.442,11.8,75.7,0.0,0,Tuesday,Night (0-6),False,0
2026-04-14 01:00:00,5.36,5.0200000000000005,3647.0,SW,0.40449999999999997,11.95,75.35,0.0,1,Tuesday,Night (0-6),False,0
2026-04-14 02:00:00,5.42,5.07,3171.0,S,0.367,12.1,75.0,0.0,2,Tuesday,Night (0-6),False,0
2026-04-14 03:00:00,6.41,6.03,3391.0,W,0.292,12.3,76.1,0.12133333333333332,3,Tuesday,Night (0-6),False,0
2026-04-14 04:00:00,7.4,6.99,3679.0,SW,0.217,12.5,77.2,0.24266666666666664,4,Tuesday,Night (0-6),False,0
2026-04-14 05:00:00,8.39,7.95,5205.0,S,0.325,12.5,78.15,0.364,5,Tuesday,Night (0-6),False,0
2026-04-14 06:00:00,10.193333333333333,9.6,5994.0,W,0.433,12.5,79.1,1.2226666666666666,6,Tuesday,Night (0-6),False,0
2026-04-14 07:00:00,11.996666666666666,11.25,6424.0,W,0.491,13.2,77.0,2.0813333333333333,7,Tuesday,Working Hours (7-18),False,0
2026-04-14 08:00:00,13.8,12.9,6541.0,SW,0.549,13.9,74.9,2.94,8,Tuesday,Working Hours (7-18),False,0
2026-04-14 09:00:00,13.366666666666667,12.533333333333333,6297.0,W,0.595,16.3,68.75,2.2903333333333333,9,Tuesday,Working Hours (7-18),False,0
2026-04-14 10:00:00,12.933333333333334,12.166666666666668,5373.0,SW,0.641,18.7,62.6,1.6406666666666667,10,Tuesday,Working Hours (7-18),False,0
2026-04-14 11:00:00,12.5,11.8,5335.0,S,0.808,18.049999999999997,66.9,0.991,11,Tuesday,Working Hours (7-18),False,0
2026-04-14 12:00:00,9.083333333333334,8.563333333333334,3503.0,SE,0.975,17.4,71.2,2.227333333333333,12,Tuesday,Working Hours (7-18),False,0
2026-04-14 13:00:00,5.666666666666667,5.326666666666667,3685.0,SW,0.8665,16.799999999999997,77.45,3.4636666666666667,13,Tuesday,Working Hours (7-18),False,0
2026-04-14 14:00:00,2.25,2.09,3837.0,S,0.758,16.2,83.7,4.7,14,Tuesday,Working Hours (7-18),False,0
2026-04-14 15:00:00,1.99,1.91,3652.0,SE,0.876,17.1,79.0,3.2493333333333334,15,Tuesday,Working Hours (7-18),False,0
2026-04-14 16:00:00,1.73,1.73,4180.0,SE,0.994,18.0,74.3,1.7986666666666666,16,Tuesday,Working Hours (7-18),False,0
2026-04-14 17:00:00,1.47,1.55,3696.0,S,0.872,18.2,71.5,0.348,17,Tuesday,Working Hours (7-18),False,0
2026-04-14 18:00:00,1.8266666666666667,1.7433333333333334,4065.0,S,0.75,18.4,68.7,0.24006666666666665,18,Tuesday,Working Hours (7-18),False,0
2026-04-14 19:00:00,2.1833333333333336,1.9366666666666665,4000.0,W,0.7889999999999999,17.549999999999997,72.10000000000001,0.13213333333333335,19,Tuesday,Evening (19-23),False,0
2026-04-14 20:00:00,2.54,2.13,2637.0,W,0.828,16.7,75.5,0.0242,20,Tuesday,Evening (19-23),False,0
2026-04-14 21:00:00,3.79,3.2733333333333334,3983.0,SW,0.5215,16.25,78.0,0.016133333333333333,21,Tuesday,Evening (19-23),False,0
2026-04-14 22:00:00,5.04,4.416666666666666,3860.0,SW,0.215,15.8,80.5,0.008066666666666666,22,Tuesday,Evening (19-23),False,0
2026-04-14 23:00:00,6.29,5.56,5104.0,S,0.2365,15.55,82.45,0.0,23,Tuesday,Evening (19-23),False,0
2026-04-15 00:00:00,6.2700000000000005,5.593333333333333,4953.0,SW,0.258,15.3,84.4,0.0,0,Wednesday,Night (0-6),True,0
2026-04-15 01:00:00,6.25,5.626666666666667,5382.0,SW,0.354,15.0,85.35,0.0,1,Wednesday,Night (0-6),True,0
2026-04-15 02:00:00,6.23,5.66,4947.0,SE,0.45,14.7,86.3,0.0,2,Wednesday,Night (0-6),True,0
2026-04-15 03:00:00,6.146666666666667,5.67,5541.0,SW,0.367,14.25,87.55,0.37666666666666665,3,Wednesday,Night (0-6),True,0
2026-04-15 04:00:00,6.0633333333333335,5.680000000000001,5936.0,SW,0.284,13.8,88.8,0.7533333333333333,4,Wednesday,Night (0-6),True,0
2026-04-15 05:00:00,5.98,5.69,5535.0,S,0.297,13.3,88.4,1.13,5,Wednesday,Night (0-6),True,0
2026-04-15 06:00:00,11.72,10.693333333333332,3609.0,SW,0.31,12.8,88.0,1.3166666666666667,6,Wednesday,Night (0-6),True,0
2026-04-15 07:00:00,17.46,15.696666666666665,1073.0,S,0.3785,14.15,81.85,1.5033333333333334,7,Wednesday,Working Hours (7-18),True,0
2026-04-15 08:00:00,23.2,20.7,1124.0,S,0.447,15.5,75.7,1.69,8,Wednesday,Working Hours (7-18),True,0
2026-04-15 09:00:00,25.433333333333334,22.566666666666666,1056.0,SW,0.5025000000000001,17.8,68.55,1.4473333333333334,9,Wednesday,Working Hours (7-18),True,0
2026-04-15 10:00:00,27.666666666666664,24.433333333333334,803.0,SE,0.558,20.1,61.4,1.2046666666666668,10,Wednesday,Working Hours (7-18),True,0
2026-04-15 11:00:00,29.9,26.3,505.0,S,0.784,20.05,63.25,0.962,11,Wednesday,Working Hours (7-18),True,0
2026-04-15 12:00:00,35.166666666666664,30.766666666666666,528.0,SW,1.01,20.0,65.1,1.1213333333333333,12,Wednesday,Working Hours (7-18),True,0
2026-04-15 13:00:00,40.43333333333334,35.233333333333334,258.0,SW,1.1300000000000001,20.05,65.25,1.2806666666666666,13,Wednesday,Working Hours (7-18),True,0
2026-04-15 14:00:00,45.7,39.7,71.9,SW,1.25,20.1,65.4,1.44,14,Wednesday,Working Hours (7-18),True,0
2026-04-15 15:00:00,37.63333333333334,32.766666666666666,171.0,SW,1.3050000000000002,19.65,67.7,1.1603333333333332,15,Wednesday,Working Hours (7-18),True,0
2026-04-15 16:00:00,29.56666666666667,25.833333333333336,97.3,SW,1.36,19.2,70.0,0.8806666666666666,16,Wednesday,Working Hours (7-18),True,0
2026-04-15 17:00:00,21.5,18.9,314.0,W,1.255,18.6,72.55,0.601,17,Wednesday,Working Hours (7-18),True,0
2026-04-15 18:00:00,15.743333333333332,13.879999999999999,146.0,SW,1.15,18.0,75.1,0.40159333333333336,18,Wednesday,Working Hours (7-18),True,0
2026-04-15 19:00:00,9.986666666666666,8.86,109.0,SW,1.24,17.2,77.75,0.20218666666666668,19,Wednesday,Evening (19-23),True,0
2026-04-15 20:00:00,4.23,3.84,88.6,SW,1.33,16.4,80.4,0.00278,20,Wednesday,Evening (19-23),True,0
2026-04-15 21:00:00,4.453333333333334,4.016666666666667,294.0,W,1.345,15.899999999999999,79.9,0.0018533333333333331,21,Wednesday,Evening (19-23),True,0
2026-04-15 22:00:00,4.676666666666667,4.193333333333333,333.0,W,1.36,15.4,79.4,0.0009266666666666666,22,Wednesday,Evening (19-23),True,0
2026-04-15 23:00:00,4.9,4.37,304.0,W,1.0845,15.3,77.85,0.0,23,Wednesday,Evening (19-23),True,0
2026-04-16 00:00:00,5.596666666666667,5.1433333333333335,158.0,SW,0.809,15.2,76.3,0.0,0,Thursday,Night (0-6),True,0
2026-04-16 01:00:00,6.293333333333334,5.916666666666667,509.0,SE,0.6305000000000001,14.5,79.75,0.0,1,Thursday,Night (0-6),True,0
2026-04-16 02:00:00,6.99,6.69,457.0,SE,0.452,13.8,83.2,0.0,2,Thursday,Night (0-6),True,0
2026-04-16 03:00:00,7.316666666666666,7.016666666666667,522.0,S,0.5195,13.100000000000001,84.85,0.10466666666666667,3,Thursday,Night (0-6),True,0
2026-04-16 04:00:00,7.6433333333333335,7.343333333333334,625.0,S,0.587,12.4,86.5,0.20933333333333334,4,Thursday,Night (0-6),True,0
2026-04-16 05:00:00,7.97,7.67,717.0,S,0.6295,12.15,87.05,0.314,5,Thursday,Night (0-6),True,0
2026-04-16 06:00:00,16.14666666666667,14.98,865.0,S,0.672,11.9,87.6,0.5626666666666666,6,Thursday,Night (0-6),True,0
2026-04-16 07:00:00,24.323333333333334,22.29,1008.0,S,0.6515,13.25,83.15,0.8113333333333334,7,Thursday,Working Hours (7-18),True,0
2026-04-16 08:00:00,32.5,29.6,1048.0,S,0.631,14.6,78.7,1.06,8,Thursday,Working Hours (7-18),True,0
2026-04-16 09:00:00,33.36666666666667,29.733333333333334,953.0,S,0.64,16.65,73.15,1.3066666666666666,9,Thursday,Working Hours (7-18),True,0
2026-04-16 10:00:00,34.233333333333334,29.866666666666667,532.0,S,0.649,18.7,67.6,1.5533333333333332,10,Thursday,Working Hours (7-18),True,0
2026-04-16 11:00:00,35.1,30.0,633.0,SW,0.813,19.4,67.4,1.8,11,Thursday,Working Hours (7-18),True,0
2026-04-16 12:00:00,29.26666666666667,25.266666666666666,505.0,SW,0.977,20.1,67.2,1.2546666666666666,12,Thursday,Working Hours (7-18),True,0
2026-04-16 13:00:00,23.433333333333337,20.53333333333333,159.0,SW,1.2185,19.05,71.30000000000001,0.7093333333333334,13,Thursday,Working Hours (7-18),True,0
2026-04-16 14:00:00,17.6,15.8,97.8,SW,1.46,18.0,75.4,0.164,14,Thursday,Working Hours (7-18),True,0
2026-04-16 15:00:00,18.866666666666667,16.900000000000002,134.0,SW,1.15,17.7,76.55000000000001,0.17766666666666667,15,Thursday,Working Hours (7-18),True,0
2026-04-16 16:00:00,20.133333333333333,18.0,122.0,SW,0.84,17.4,77.7,0.19133333333333333,16,Thursday,Working Hours (7-18),True,0
2026-04-16 17:00:00,21.4,19.1,180.0,SW,0.726,17.35,77.75,0.205,17,Thursday,Working Hours (7-18),True,0
2026-04-16 18:00:00,18.0,16.133333333333333,58.8,SW,0.612,17.3,77.8,0.16243333333333332,18,Thursday,Working Hours (7-18),True,0
2026-04-16 19:00:00,14.6,13.166666666666668,65.5,SW,0.4855,16.85,79.55,0.11986666666666666,19,Thursday,Evening (19-23),True,0
2026-04-16 20:00:00,11.2,10.2,171.0,SW,0.359,16.4,81.3,0.0773,20,Thursday,Evening (19-23),True,0
2026-04-16 21:00:00,14.233333333333333,13.133333333333333,136.0,SW,0.32849999999999996,15.799999999999999,82.69999999999999,0.051533333333333334,21,Thursday,Evening (19-23),True,0
2026-04-16 22:00:00,17.266666666666666,16.066666666666666,1015.0,S,0.298,15.2,84.1,0.025766666666666667,22,Thursday,Evening (19-23),True,0
2026-04-16 23:00:00,20.3,19.0,945.0,S,0.4555,14.35,85.44999999999999,0.0,23,Thursday,Evening (19-23),True,0
2026-04-17 00:00:00,20.233333333333334,19.1,659.0,SE,0.613,13.5,86.8,0.0,0,Friday,Night (0-6),True,0
2026-04-17 01:00:00,20.166666666666668,19.2,649.0,S,0.4635,12.95,88.0,0.0,1,Friday,Night (0-6),True,0
2026-04-17 02:00:00,20.1,19.3,789.0,SW,0.314,12.4,89.2,0.0,2,Friday,Night (0-6),True,0
2026-04-17 03:00:00,21.333333333333336,20.400000000000002,1107.0,SW,0.35,12.0,89.65,0.061000000000000006,3,Friday,Night (0-6),True,0
2026-04-17 04:00:00,22.566666666666666,21.5,967.0,S,0.386,11.6,90.1,0.12200000000000001,4,Friday,Night (0-6),True,0
2026-04-17 05:00:00,23.8,22.6,896.0,SW,0.4065,11.5,90.69999999999999,0.183,5,Friday,Night (0-6),True,0
2026-04-17 06:00:00,30.5,27.033333333333335,1357.0,W,0.427,11.4,91.3,0.15423333333333333,6,Friday,Night (0-6),True,0
2026-04-17 07:00:00,37.2,31.46666666666667,1284.0,SW,0.5785,11.8,91.6,0.12546666666666667,7,Friday,Working Hours (7-18),True,0
2026-04-17 08:00:00,43.9,35.9,1303.0,S,0.73,12.2,91.9,0.0967,8,Friday,Working Hours (7-18),True,0
2026-04-17 09:00:00,41.1,34.13333333333333,1037.0,S,0.5895,13.7,88.75,0.6044666666666667,9,Friday,Working Hours (7-18),True,0
2026-04-17 10:00:00,38.3,32.36666666666667,3674.0,S,0.449,15.2,85.6,1.1122333333333334,10,Friday,Working Hours (7-18),True,0
2026-04-17 11:00:00,35.5,30.6,3070.0,S,0.7135,16.65,80.5,1.62,11,Friday,Working Hours (7-18),True,0
2026-04-17 12:00:00,29.533333333333335,25.96666666666667,571.0,SW,0.978,18.1,75.4,1.2703333333333333,12,Friday,Working Hours (7-18),True,0
2026-04-17 13:00:00,23.56666666666667,21.333333333333336,217.0,SW,1.194,18.15,74.4,0.9206666666666666,13,Friday,Working Hours (7-18),True,0
2026-04-17 14:00:00,17.6,16.7,109.0,SW,1.41,18.2,73.4,0.571,14,Friday,Working Hours (7-18),True,0
2026-04-17 15:00:00,13.026666666666667,12.273333333333333,41.3,W,1.71,17.75,73.35,0.40026666666666666,15,Friday,Working Hours (7-18),True,0
2026-04-17 16:00:00,8.453333333333333,7.846666666666668,54.4,NW,2.01,17.3,73.3,0.2295333333333333,16,Friday,Working Hours (7-18),True,0
2026-04-17 17:00:00,3.88,3.42,183.0,SW,1.4894999999999998,17.3,73.55,0.0588,17,Friday,Working Hours (7-18),True,0
2026-04-17 18:00:00,3.6466666666666665,3.15,458.0,S,0.969,17.3,73.8,0.0494,18,Friday,Working Hours (7-18),True,0
2026-04-17 19:00:00,3.4133333333333336,2.88,118.0,SE,1.0695,16.85,75.69999999999999,0.039999999999999994,19,Friday,Evening (19-23),True,0
2026-04-17 20:00:00,3.18,2.61,59.4,SE,1.17,16.4,77.6,0.0306,20,Friday,Evening (19-23),True,0
2026-04-17 21:00:00,4.273333333333333,3.7333333333333334,685.0,S,1.0165,16.15,78.9,0.026466666666666666,21,Friday,Evening (19-23),True,0
2026-04-17 22:00:00,5.366666666666667,4.856666666666667,751.0,S,0.863,15.9,80.2,0.022333333333333334,22,Friday,Evening (19-23),True,0
2026-04-17 23:00:00,6.46,5.98,783.0,S,0.6395,15.55,81.30000000000001,0.0182,23,Friday,Evening (19-23),True,0
2026-04-18 00:00:00,8.44,7.920000000000001,1185.0,SE,0.416,15.2,82.4,0.012133333333333335,0,Saturday,Night (0-6),True,0
2026-04-18 01:00:00,10.42,9.860000000000001,1164.0,SW,0.4495,14.399999999999999,84.95,0.006066666666666668,1,Saturday,Night (0-6),True,0
2026-04-18 02:00:00,12.4,11.8,2533.0,W,0.483,13.6,87.5,0.0,2,Saturday,Night (0-6),True,0
2026-04-18 03:00:00,13.866666666666667,13.200000000000001,2956.0,W,0.417,13.649999999999999,87.75,0.0,3,Saturday,Night (0-6),True,0
2026-04-18 04:00:00,15.333333333333334,14.6,2348.0,W,0.351,13.7,88.0,0.0,4,Saturday,Night (0-6),True,0
2026-04-18 05:00:00,16.8,16.0,2861.0,S,0.39949999999999997,13.7,87.6,0.0,5,Saturday,Night (0-6),True,0
2026-04-18 06:00:00,19.0,18.0,2659.0,SW,0.448,13.7,87.2,0.1443333333333333,6,Saturday,Night (0-6),True,0
2026-04-18 07:00:00,21.2,20.0,2987.0,S,0.513,13.95,86.35,0.2886666666666666,7,Saturday,Working Hours (7-18),True,0
2026-04-18 08:00:00,23.4,22.0,2915.0,S,0.578,14.2,85.5,0.433,8,Saturday,Working Hours (7-18),True,0
2026-04-18 09:00:00,18.04333333333333,16.79,3055.0,S,0.6054999999999999,15.549999999999999,82.1,0.3486666666666667,9,Saturday,Working Hours (7-18),True,0
2026-04-18 10:00:00,12.686666666666664,11.58,1981.0,SW,0.633,16.9,78.7,0.2643333333333333,10,Saturday,Working Hours (7-18),True,0
2026-04-18 11:00:00,7.33,6.37,525.0,SW,0.9615,17.95,75.2,0.18,11,Saturday,Working Hours (7-18),True,0
2026-04-18 12:00:00,6.223333333333334,5.359999999999999,114.0,SW,1.29,19.0,71.7,0.9166666666666667,12,Saturday,Working Hours (7-18),True,0
2026-04-18 13:00:00,5.116666666666667,4.35,291.0,S,1.295,18.35,74.4,1.6533333333333333,13,Saturday,Working Hours (7-18),True,0
2026-04-18 14:00:00,4.01,3.34,458.0,SW,1.3,17.7,77.1,2.39,14,Saturday,Working Hours (7-18),True,0
2026-04-18 15:00:00,3.663333333333333,2.973333333333333,205.0,SW,1.3250000000000002,17.15,77.35,1.9166666666666667,15,Saturday,Working Hours (7-18),True,0
2026-04-18 16:00:00,3.3166666666666664,2.6066666666666665,163.0,SW,1.35,16.6,77.6,1.4433333333333334,16,Saturday,Working Hours (7-18),True,0
2026-04-18 17:00:00,2.97,2.24,115.0,SW,1.171,16.4,77.25,0.97,17,Saturday,Working Hours (7-18),True,0
2026-04-18 18:00:00,3.08,2.3533333333333335,77.8,SW,0.992,16.2,76.9,0.6486033333333333,18,Saturday,Working Hours (7-18),True,0
2026-04-18 19:00:00,3.19,2.466666666666667,380.0,SW,0.97,16.0,77.6,0.32720666666666665,19,Saturday,Evening (19-23),True,0
2026-04-18 20:00:00,3.3,2.58,246.0,S,0.948,15.8,78.3,0.00581,20,Saturday,Evening (19-23),True,0
2026-04-18 21:00:00,4.763333333333334,3.9066666666666667,101.0,SW,0.9405,15.55,79.5,0.0048000000000000004,21,Saturday,Evening (19-23),True,0
2026-04-18 22:00:00,6.226666666666667,5.233333333333333,248.0,W,0.933,15.3,80.7,0.00379,22,Saturday,Evening (19-23),True,0
2026-04-18 23:00:00,7.69,6.56,481.0,SW,0.6595,15.100000000000001,81.9,0.00278,23,Saturday,Evening (19-23),True,0
2026-04-19 00:00:00,7.726666666666667,6.6899999999999995,1297.0,SW,0.386,14.9,83.1,0.0018533333333333331,0,Sunday,Night (0-6),True,0
2026-04-19 01:00:00,7.763333333333334,6.82,1851.0,S,0.728,14.45,84.1,0.0009266666666666666,1,Sunday,Night (0-6),True,0
2026-04-19 02:00:00,7.8,6.95,889.0,W,1.07,14.0,85.1,0.0,2,Sunday,Night (0-6),True,0
2026-04-19 03:00:00,8.459999999999999,7.656666666666667,903.0,SW,1.12,13.9,83.75,0.0,3,Sunday,Night (0-6),True,0
2026-04-19 04:00:00,9.12,8.363333333333333,794.0,S,1.17,13.8,82.4,0.0,4,Sunday,Night (0-6),True,0
2026-04-19 05:00:00,9.78,9.07,550.0,SW,1.047,13.7,82.7,0.0,5,Sunday,Night (0-6),True,0
2026-04-19 06:00:00,10.219999999999999,9.446666666666667,412.0,W,0.924,13.6,83.0,0.002776666666666667,6,Sunday,Night (0-6),True,0
2026-04-19 07:00:00,10.66,9.823333333333332,1148.0,SW,0.771,13.8,82.25,0.005553333333333334,7,Sunday,Working Hours (7-18),True,0
2026-04-19 08:00:00,11.1,10.2,1879.0,S,0.618,14.0,81.5,0.00833,8,Sunday,Working Hours (7-18),True,0
2026-04-19 09:00:00,10.036666666666667,9.143333333333333,1451.0,SW,0.7685,15.55,76.35,0.005553333333333334,9,Sunday,Working Hours (7-18),True,0
2026-04-19 10:00:00,8.973333333333333,8.086666666666666,1118.0,SW,0.919,17.1,71.2,0.002776666666666667,10,Sunday,Working Hours (7-18),True,0
2026-04-19 11:00:00,7.91,7.03,921.0,SW,1.0545,18.35,70.65,0.0,11,Sunday,Working Hours (7-18),True,0
2026-04-19 12:00:00,7.516666666666667,6.583333333333334,131.0,S,1.19,19.6,70.1,0.0,12,Sunday,Working Hours (7-18),True,0
2026-04-19 13:00:00,7.123333333333334,6.136666666666667,91.1,SW,1.2650000000000001,19.85,70.15,0.0,13,Sunday,Working Hours (7-18),True,0
2026-04-19 14:00:00,6.73,5.69,103.0,SW,1.34,20.1,70.2,0.0,14,Sunday,Working Hours (7-18),True,0
2026-04-19 15:00:00,7.543333333333334,6.46,69.3,SW,1.225,19.6,72.45,0.0,15,Sunday,Working Hours (7-18),True,0
2026-04-19 16:00:00,8.356666666666667,7.23,49.8,SW,1.11,19.1,74.7,0.0,16,Sunday,Working Hours (7-18),True,0
2026-04-19 17:00:00,9.17,8.0,106.0,SW,1.03,18.5,76.9,0.0,17,Sunday,Working Hours (7-18),True,0
2026-04-19 18:00:00,10.913333333333334,9.766666666666667,68.9,SW,0.95,17.9,79.1,0.00202,18,Sunday,Working Hours (7-18),True,0
2026-04-19 19:00:00,12.656666666666666,11.533333333333335,119.0,SW,0.7795,17.45,80.69999999999999,0.00404,19,Sunday,Evening (19-23),True,0
2026-04-19 20:00:00,14.4,13.3,255.0,SW,0.609,17.0,82.3,0.00606,20,Sunday,Evening (19-23),True,0
2026-04-19 21:00:00,16.366666666666667,15.266666666666667,483.0,SW,0.5405,16.85,82.6,0.004966666666666667,21,Sunday,Evening (19-23),True,0
2026-04-19 22:00:00,18.333333333333336,17.233333333333334,863.0,W,0.472,16.7,82.9,0.0038733333333333332,22,Sunday,Evening (19-23),True,0
2026-04-19 23:00:00,20.3,19.2,1078.0,SW,0.418,16.65,83.85,0.00278,23,Sunday,Evening (19-23),True,0
2026-04-20 00:00:00,22.233333333333334,20.966666666666665,2030.0,S,0.364,16.6,84.8,0.0018533333333333331,0,Monday,Night (0-6),True,0
2026-04-20 01:00:00,24.166666666666668,22.733333333333334,2254.0,SW,0.4255,16.15,86.35,0.0009266666666666666,1,Monday,Night (0-6),True,0
2026-04-20 02:00:00,26.1,24.5,2790.0,S,0.487,15.7,87.9,0.0,2,Monday,Night (0-6),True,0
2026-04-20 03:00:00,31.533333333333335,28.233333333333334,3113.0,S,0.6625,15.5,88.55000000000001,0.8266666666666667,3,Monday,Night (0-6),True,0
2026-04-20 04:00:00,36.96666666666667,31.96666666666667,2945.0,S,0.838,15.3,89.2,1.6533333333333333,4,Monday,Night (0-6),True,0
2026-04-20 05:00:00,42.4,35.7,3197.0,S,0.8385,15.4,89.45,2.48,5,Monday,Night (0-6),True,0
2026-04-20 06:00:00,47.333333333333336,39.0,3400.0,S,0.839,15.5,89.7,3.73,6,Monday,Night (0-6),True,0
2026-04-20 07:00:00,52.266666666666666,42.300000000000004,3861.0,S,0.685,15.5,90.35,4.98,7,Monday,Working Hours (7-18),True,0
2026-04-20 08:00:00,57.2,45.6,3750.0,SW,0.531,15.5,91.0,6.23,8,Monday,Working Hours (7-18),True,0
2026-04-20 09:00:00,57.93333333333334,46.4,3575.0,W,0.511,16.35,88.75,5.546666666666667,9,Monday,Working Hours (7-18),True,0
2026-04-20 10:00:00,58.666666666666664,47.2,3786.0,S,0.491,17.2,86.5,4.863333333333333,10,Monday,Working Hours (7-18),True,0
2026-04-20 11:00:00,59.4,48.0,4107.0,SW,0.5105,19.15,79.15,4.18,11,Monday,Working Hours (7-18),True,0
2026-04-20 12:00:00,59.4,48.0,3405.0,S,0.53,21.1,71.8,4.18,12,Monday,Working Hours (7-18),True,0
